frame,is_boundary,support_area,object_luma_median,brown_shell_luma_median,brown_shell_luma_p25,brown_shell_fraction,cool_spot_fraction,background_luma_median,brown_to_background_ratio,temporal_luma_l1
0,0,29406,39.143001556396484,39.196800231933594,34.327999114990234,0.8476501394273278,0.050397877984084884,85.62460327148438,0.45777496695518494,0.0
1,0,29517,39.76759719848633,39.802001953125,34.97500228881836,0.8464274824677305,0.051563505776332286,85.6365966796875,0.46477794647216797,3.4501261711120605
2,0,29735,39.97500228881836,40.03799819946289,35.120601654052734,0.8440558264671263,0.05552379350933244,85.57360076904297,0.46787792444229126,3.5705978870391846
3,0,29711,40.26499938964844,40.26499938964844,35.2650032043457,0.8469590387398607,0.05344821783177948,85.64820098876953,0.47012078762054443,5.172983169555664
4,0,29760,40.06039810180664,40.19679641723633,35.196800231933594,0.8504704301075269,0.04939516129032258,85.54719543457031,0.469878613948822,6.216370582580566
5,0,29894,40.767601013183594,40.77159881591797,35.327999114990234,0.850371311968957,0.056934501906737135,85.46299743652344,0.4770672619342804,4.233677387237549
6,0,29945,40.83060073852539,40.91600036621094,35.2650032043457,0.8499248622474537,0.053832025379863084,85.41720581054688,0.4790135622024536,2.215311288833618
7,0,30058,42.69419860839844,42.69419860839844,37.974998474121094,0.8478275334353583,0.055958480271475146,85.40279388427734,0.4999157190322876,5.1261773109436035
8,0,30130,49.974998474121094,49.69419860839844,41.83060073852539,0.8526717557251908,0.05944241619648191,85.33580017089844,0.5823370814323425,12.620296478271484
9,1,30088,48.779598236083984,48.350399017333984,40.3411979675293,0.8522002127093858,0.05753124169103962,85.77019500732422,0.5637202858924866,4.691612720489502
10,0,30235,43.71659851074219,43.57219696044922,35.28219985961914,0.8421035224078055,0.06059202910534149,85.69770050048828,0.5084406733512878,7.549033164978027
11,0,30253,42.42660140991211,42.282203674316406,34.20600128173828,0.839982811621988,0.059498231580339137,85.76800537109375,0.4929834008216858,2.7603683471679688
12,0,30293,40.71659851074219,40.69419860839844,32.350399017333984,0.84045819166144,0.0576700887993926,85.62579345703125,0.4752563238143921,2.507248640060425
13,0,30310,40.426597595214844,40.290199279785156,32.350399017333984,0.8414054767403497,0.05925437149455625,85.4802017211914,0.47133955359458923,2.992469549179077
14,0,30277,40.350399017333984,40.28219985961914,32.28219985961914,0.8405390230207749,0.06202728143475245,85.42919921875,0.4715273082256317,2.454136848449707
15,0,30273,39.852996826171875,39.77960205078125,31.852998733520508,0.8406170514980346,0.06044990585670399,85.40279388427734,0.4657880663871765,3.308204174041748
16,0,30276,38.779598236083984,38.71659851074219,30.30459976196289,0.8374289866560972,0.06113753468093539,85.33580017089844,0.4536970257759094,4.351794719696045
17,0,30288,36.350399017333984,36.350399017333984,29.28219985961914,0.832838087691495,0.06312731114632858,85.33580017089844,0.4259689152240753,2.9208970069885254
18,0,30323,35.426597595214844,35.350399017333984,28.916000366210938,0.8352405764601127,0.06325231672327936,85.11280059814453,0.41533586382865906,4.024404525756836
19,0,30213,35.04600143432617,34.91600036621094,28.564199447631836,0.8308675073643795,0.0675206037136332,84.97760009765625,0.4108847677707672,3.30361008644104
20,0,29942,33.20600128173828,33.14579772949219,27.85300064086914,0.8239262574310333,0.07030258499766215,84.97760009765625,0.3900533616542816,3.5742619037628174
21,1,29960,33.914798736572266,33.779598236083984,28.282201766967773,0.8190921228304406,0.06839118825100134,84.97760009765625,0.3975117802619934,4.475060939788818
22,0,29951,36.219200134277344,35.572200775146484,31.22319984436035,0.7965677272879036,0.08764315047911589,84.83319854736328,0.4193193316459656,5.597392559051514
23,0,30038,36.648399353027344,35.79280090332031,31.22319984436035,0.768726280045276,0.0984086823357081,84.83319854736328,0.42191973328590393,7.007669925689697
24,0,30635,37.779598236083984,36.36759948730469,31.648399353027344,0.7559980414558511,0.09763342582014037,84.77020263671875,0.4290139377117157,9.85783863067627
25,0,30736,38.937198638916016,38.290199279785156,32.3411979675293,0.7873828735033837,0.06354112441436752,84.57359313964844,0.45274415612220764,8.990880012512207
26,0,28231,39.802001953125,39.1682014465332,32.71659851074219,0.8532818532818532,0.06737274627182883,84.14720153808594,0.46547242999076843,5.787691116333008
27,0,28373,40.801998138427734,40.14299774169922,33.71659851074219,0.8597610404257569,0.06925598280054981,83.97760009765625,0.4780203104019165,5.069680213928223
28,0,28226,42.31659698486328,41.290199279785156,34.572200775146484,0.8636363636363636,0.06713668249132006,83.86759948730469,0.4923259913921356,7.390113353729248
29,0,27997,40.512001037597656,39.92400360107422,34.572200775146484,0.8692002714576562,0.07157909776047433,83.83319854736328,0.4762314260005951,7.9066009521484375
30,0,28007,36.231201171875,35.937198638916016,32.802001953125,0.8647123933302389,0.06284143249901811,83.77019500732422,0.4289974272251129,12.152517318725586
31,0,31563,33.22319793701172,33.79280090332031,29.572200775146484,0.7447644393752179,0.05788423153692615,83.83319854736328,0.40309569239616394,11.018877029418945
32,0,33057,29.792800903320312,32.143001556396484,26.852998733520508,0.7180022385576429,0.05699246755603957,83.82119750976562,0.3834710419178009,8.341242790222168
33,1,33515,41.65760040283203,42.321197509765625,35.32579803466797,0.7335223034462182,0.05561688796061465,83.19820404052734,0.508679211139679,13.125401496887207
34,0,33562,46.231201171875,46.06159973144531,35.648399353027344,0.677522197723616,0.061021393242357426,82.97760009765625,0.5551088452339172,5.540651798248291
35,0,33569,47.87820053100586,46.648399353027344,34.794002532958984,0.6144955166969526,0.08853406416634395,82.97760009765625,0.5621806383132935,4.357850551605225
36,0,33460,48.755001068115234,46.94119644165039,34.93720245361328,0.5826060968320382,0.10065750149432158,82.27279663085938,0.5705555081367493,4.267510414123535
37,0,33388,49.1682014465332,48.937198638916016,38.71659851074219,0.6654187133101713,0.07679405774529771,82.51459503173828,0.5930732488632202,5.988082408905029
38,0,33132,50.18020248413086,49.87820053100586,39.60660171508789,0.6574308825304841,0.08279005191355789,82.70719909667969,0.6030696630477905,3.675732374191284
39,0,32923,51.09480285644531,50.6576042175293,40.793100357055664,0.6405856088448805,0.08936002186920998,82.55120086669922,0.6136507391929626,4.07450532913208
40,0,32902,51.836402893066406,50.89939880371094,41.59759712219238,0.635523676372257,0.09522217494377241,82.41719818115234,0.6175822615623474,3.24910044670105
41,0,32806,51.18020248413086,50.31660079956055,42.57220458984375,0.6600012192891545,0.1022983600560873,81.8292007446289,0.6148978471755981,5.375860214233398
42,0,32262,50.1682014465332,49.65760040283203,43.325801849365234,0.6606843965036265,0.1160188457008245,81.77020263671875,0.6072823405265808,5.8226399421691895
43,0,31559,49.46099853515625,48.79399871826172,42.941200256347656,0.694445324630058,0.11993409170125796,81.77020263671875,0.5967209935188293,8.737483024597168
44,0,26999,47.779598236083984,46.46099853515625,41.14579772949219,0.7553242712693062,0.14822771213748656,80.83319854736328,0.5747761726379395,6.2755126953125
45,1,27894,54.40200424194336,49.73379898071289,44.83605194091797,0.600559260055926,0.2416290241629024,80.97760009765625,0.614167332649231,9.48629093170166
46,0,28301,58.180198669433594,53.606597900390625,45.223201751708984,0.5445743966644289,0.3099183774424932,80.97760009765625,0.6619929075241089,5.474351406097412
47,0,28343,61.11840057373047,54.87820053100586,45.177398681640625,0.5143068835338531,0.3571957802632043,80.97760009765625,0.6776960492134094,5.590074062347412
48,0,28446,65.2656021118164,54.53199768066406,42.87820053100586,0.4528228924980665,0.3861702875623989,80.97760009765625,0.673420786857605,6.303685188293457
49,0,28163,67.91600036621094,51.54640197753906,41.28219985961914,0.4377374569470582,0.4012356638142243,80.97760009765625,0.6365513801574707,7.430809020996094
50,0,31717,67.13500213623047,51.94119644165039,40.755001068115234,0.4246303244316928,0.3792603335750544,81.57759857177734,0.6367090344429016,9.696481704711914
51,0,31410,64.76819610595703,48.14299774169922,35.32820129394531,0.36749442852594716,0.405507800063674,81.77020263671875,0.5887596607208252,8.712864875793457
52,0,32548,62.3390007019043,46.79399871826172,33.79280090332031,0.3583937569128671,0.39830404325918645,81.77020263671875,0.5722622275352478,10.985596656799316
53,0,33350,55.890201568603516,45.12150192260742,33.88739776611328,0.3946626686656672,0.3320839580209895,81.8218002319336,0.5514606237411499,11.40982723236084
54,0,33754,50.95840072631836,45.8661994934082,35.1682014465332,0.4441547668424483,0.3004680926704983,81.77020263671875,0.5609158277511597,5.754969120025635
55,0,34150,48.66960144042969,44.88739776611328,35.733802795410156,0.45478770131771595,0.2896046852122987,81.86479949951172,0.5483113527297974,4.347326278686523
56,0,34323,46.350399017333984,41.79280090332031,34.91600036621094,0.4723654692188911,0.274451533956822,81.77020263671875,0.5111005902290344,5.083349704742432
57,1,34505,51.32460021972656,44.32460021972656,35.852996826171875,0.39046514997826404,0.33102448920446315,81.91459655761719,0.5411074757575989,6.952929973602295
58,0,34580,54.948097229003906,45.3755989074707,35.31660079956055,0.352486986697513,0.37105263157894736,81.93160247802734,0.553822934627533,4.281862735748291
59,0,34619,56.42719650268555,45.94120407104492,35.95840072631836,0.34264421271556084,0.3955920159450013,81.91459655761719,0.5608426928520203,4.719701766967773
60,0,34336,55.692996978759766,45.89939880371094,36.750999450683594,0.3367602516309413,0.3960857409133271,81.77020263671875,0.5613217949867249,6.878285884857178
61,0,33897,53.32460021972656,44.77960205078125,36.023799896240234,0.35829129421482725,0.37177331327256097,82.64820098876953,0.5418097376823425,6.061636447906494
62,0,33914,55.70859909057617,43.670799255371094,34.87820053100586,0.3355251518546913,0.39830158636551277,82.83320617675781,0.5272136926651001,5.089376926422119
63,0,34489,57.72199630737305,43.22319793701172,34.670799255371094,0.3216677781321581,0.42575893763228856,82.97760009765625,0.5209019780158997,7.348309516906738
64,0,34541,65.1801986694336,43.28219985961914,34.30459976196289,0.2630207579398396,0.4904027098231088,82.97760009765625,0.5216130614280701,9.696149826049805
65,0,34494,64.17279815673828,43.22319793701172,34.38719940185547,0.26891633327535225,0.49101292978489014,83.34380340576172,0.5186132192611694,4.364861965179443
66,0,34597,56.628997802734375,45.231201171875,36.06159973144531,0.3295950515940689,0.39142122149319303,83.47909545898438,0.5418266654014587,7.374889850616455
67,0,34578,36.426597595214844,36.3057975769043,34.074798583984375,0.6254844120539071,0.10471976401179942,83.48019409179688,0.4349031150341034,17.61412811279297
68,0,34532,33.219200134277344,33.572200775146484,31.572200775146484,0.6672651453724082,0.07294683192401251,83.40280151367188,0.40253084897994995,5.626409530639648
69,1,34373,40.750999450683594,39.1349983215332,32.794002532958984,0.485439152823437,0.1693189421930003,83.83319854736328,0.4668198227882385,7.375681400299072
70,0,34374,44.526397705078125,39.22319793701172,31.79400062561035,0.370192587420725,0.30973991970675513,83.97760009765625,0.4670673906803131,7.957292556762695
71,0,34228,47.1349983215332,39.36759948730469,30.402000427246094,0.3413871684001402,0.34027696622648124,84.00279998779297,0.4686462879180908,3.3244833946228027
72,0,34251,47.645599365234375,39.46099853515625,30.5476016998291,0.3233482234095355,0.35336194563662376,84.00800323486328,0.4697290360927582,2.416734457015991
73,0,34253,46.79399871826172,40.023799896240234,32.07480239868164,0.34875777304177735,0.3269202697573935,84.34379577636719,0.4745316505432129,3.4702723026275635
74,0,34245,43.63240051269531,39.794002532958984,31.177400588989258,0.3780697912103957,0.26955759964958387,84.4802017211914,0.4710453152656555,4.244777202606201
75,0,34310,42.143001556396484,39.31660079956055,31.73379898071289,0.40725735937044594,0.2385893325561061,84.4802017211914,0.4653942584991455,4.0907111167907715
76,0,34364,41.177398681640625,37.402000427246094,30.876602172851562,0.4139215458037481,0.23125945757187755,84.33580017089844,0.4434890151023865,5.684577465057373
77,0,34367,41.85420227050781,38.79399871826172,32.07480239868164,0.42121802892309484,0.2310937818255885,84.4802017211914,0.4592081606388092,4.762974262237549
78,0,34203,42.631797790527344,39.231197357177734,32.450199127197266,0.41598690173376607,0.23711370347630326,84.4802017211914,0.4643833339214325,4.219573497772217
79,0,34215,43.461002349853516,39.96080017089844,32.79600238800049,0.41449656583369865,0.23448779774952505,84.48819732666016,0.472974956035614,5.618436813354492
80,0,33783,42.27839660644531,39.750999450683594,32.54759979248047,0.40757185566705145,0.22715567001154427,84.40280151367188,0.47096776962280273,6.519418239593506
