frame,is_boundary,L0_brown_luma,L0_brown_fraction,L0_cool_fraction,L0_object_luma,L0_temporal_l1,L0_diff_offset_x,L0_diff_offset_y,L0_diff_offset_step,L0_diff_offset_x_accel,L0_brown_offset_x,L0_brown_offset_y,L0_brown_offset_step,L0_brown_offset_x_accel,965a_brown_luma,965a_brown_fraction,965a_cool_fraction,965a_object_luma,965a_temporal_l1,965a_diff_offset_x,965a_diff_offset_y,965a_diff_offset_step,965a_diff_offset_x_accel,965a_brown_offset_x,965a_brown_offset_y,965a_brown_offset_step,965a_brown_offset_x_accel,M1_brown_luma,M1_brown_fraction,M1_cool_fraction,M1_object_luma,M1_temporal_l1,M1_diff_offset_x,M1_diff_offset_y,M1_diff_offset_step,M1_diff_offset_x_accel,M1_brown_offset_x,M1_brown_offset_y,M1_brown_offset_step,M1_brown_offset_x_accel,M1-L0_roi_mae,M1-L0_full_mae,M1-L0_full_psnr,M1-L0_delta_offset_x,M1-L0_delta_offset_y,M1-L0_delta_offset_step,M1-965a_roi_mae,M1-965a_full_mae,M1-965a_full_psnr,M1-965a_delta_offset_x,M1-965a_delta_offset_y,M1-965a_delta_offset_step,L0-965a_roi_mae,L0-965a_full_mae,L0-965a_full_psnr,L0-965a_delta_offset_x,L0-965a_delta_offset_y,L0-965a_delta_offset_step
0,0,39.2650032043457,0.8467999727946678,0.05043188464939128,39.196800231933594,0.0,7.93067377738646,5.2904769864816785,0.0,0.0,0.179837302055887,-0.18442089767597736,0.0,0.0,39.2650032043457,0.8467999727946678,0.05043188464939128,39.196800231933594,0.0,7.93067377738646,5.2904769864816785,0.0,0.0,0.179837302055887,-0.18442089767597736,0.0,0.0,39.196800231933594,0.8476501394273278,0.050397877984084884,39.143001556396484,0.0,7.950133238145497,5.249983321356581,0.0,0.0,0.10119079999611813,-0.06310419179021665,0.0,0.0,0.5373830795288086,0.4803718328475952,47.39203249552844,-2.439218336961858,30.138065194218882,0.0,0.5373830795288086,0.4803718328475952,47.39203249552844,-2.439218336961858,30.138065194218882,0.0,0.0,0.0,168.13080360867912,0.0,0.0,0.0
1,0,39.76759719848633,0.8455805129247552,0.0527153843547786,39.6942024230957,0.023818040266633034,7.432093716090321,9.972354887934443,4.70835032273872,0.0,-0.06581032843502044,0.0779852082026764,0.3594436294722674,0.0,39.76759719848633,0.8455805129247552,0.0527153843547786,39.6942024230957,0.023818040266633034,7.432093716090321,9.972354887934443,4.70835032273872,0.0,-0.06581032843502044,0.0779852082026764,0.3594436294722674,0.0,39.802001953125,0.8464274824677305,0.051563505776332286,39.76759719848633,0.02380189672112465,7.525841884227816,9.902869695500215,4.672191644581886,0.0,-0.07963234522463836,0.12733813816794282,0.26261243475399115,0.0,1.4768387079238892,0.8807774186134338,42.7075282197618,3.3216272049181725,-23.301604402407236,53.749284906442846,1.4768387079238892,0.8807774186134338,42.7075282197618,3.3216272049181725,-23.301604402407236,53.749284906442846,0.0,0.0,168.13080360867912,-0.09763317757040113,0.5682886259569955,0.5766144290204533
2,0,40.06039810180664,0.8428451319993274,0.05512022868673281,39.97500228881836,0.02383492700755596,8.082821507451115,7.506729082582012,2.5500504446910695,1.149307852656932,-0.3268600477753125,0.2384157435624843,0.3064064500683363,0.015402088849384654,40.06039810180664,0.8428451319993274,0.05512022868673281,39.97500228881836,0.02383492700755596,8.082821507451115,7.506729082582012,2.5500504446910695,1.149307852656932,-0.3268600477753125,0.2384157435624843,0.3064064500683363,0.015402088849384654,40.03799819946289,0.8440558264671263,0.05552379350933244,39.97500228881836,0.0236316230148077,8.085981001566665,7.434637625274888,2.530992963890249,0.9844304712565304,-0.18893537914300396,0.3008590593319127,0.20507721303292578,0.07152011130239089,1.3352975845336914,0.8798860907554626,42.95876662892675,4.355477638094612,-0.5171488858849784,22.807899068142174,1.3352975845336914,0.8798860907554626,42.95876662892675,4.355477638094612,-0.5171488858849784,22.807899068142174,0.0,0.0,168.13080360867912,-0.09200092325204423,1.189581452230641,0.6213183550063532
3,0,40.26499938964844,0.8448386119618997,0.053953081350341624,40.26499938964844,0.01838534325361252,7.194123958403168,8.897938032625177,1.6508318134698137,1.5394253404087408,0.4580322906766696,0.45585845713327444,0.8144552269128424,1.0459420577922742,40.26499938964844,0.8448386119618997,0.053953081350341624,40.26499938964844,0.01838534325361252,7.194123958403168,8.897938032625177,1.6508318134698137,1.5394253404087408,0.4580322906766696,0.45585845713327444,0.8144552269128424,1.0459420577922742,40.26499938964844,0.8469590387398607,0.05344821783177948,40.26499938964844,0.018867533653974533,7.252478398128062,9.005791778972252,1.7785533347694158,1.3936417207774525,0.5280817000375464,0.5024056035099989,0.7448050089162511,0.826320113098916,1.5317480564117432,0.9671615362167358,42.177868527154736,3.053164360936023,-3.3057915613628666,3.077750451768307,1.5317480564117432,0.9671615362167358,42.177868527154736,3.053164360936023,-3.3057915613628666,3.077750451768307,0.0,0.0,168.13080360867912,-0.10825751836250674,1.6417580920142996,0.45246877290109877
4,0,40.19679641723633,0.8480174731182796,0.05050403225806452,40.060997009277344,0.03241334483027458,6.893761784054732,11.548603916815978,2.667629484278564,0.5883353746995112,1.4498572184546674,0.016231730900187813,1.084890937274458,0.20693258932601566,40.19679641723633,0.8480174731182796,0.05050403225806452,40.060997009277344,0.03241334483027458,6.893761784054732,11.548603916815978,2.667629484278564,0.5883353746995112,1.4498572184546674,0.016231730900187813,1.084890937274458,0.20693258932601566,40.19679641723633,0.8504704301075269,0.04939516129032258,40.06039810180664,0.03230203688144684,6.870370435977918,11.582509414664685,2.6048954429740427,0.4513946412884593,1.466274170925601,-0.054029899995839514,1.0907912641714863,0.22117539170750433,1.2685956954956055,0.8417108058929443,43.215126101747536,-4.456494216140754,-2.2837915447567525,7.578882238048412,1.2685956954956055,0.8417108058929443,43.215126101747536,-4.456494216140754,-2.2837915447567525,7.578882238048412,0.0,0.0,168.13080360867912,-0.14890197551301299,1.955509566568594,0.316373133628716
5,0,40.767601013183594,0.8470930621529403,0.056499632033183915,40.69419860839844,0.026961706578731537,6.98496452541832,9.564577451375555,1.9861215863084134,0.39156491571202423,1.4630535309090078,0.5516537402654649,0.5355846065517038,0.9786286153236574,40.767601013183594,0.8470930621529403,0.056499632033183915,40.69419860839844,0.026961706578731537,6.98496452541832,9.564577451375555,1.9861215863084134,0.39156491571202423,1.4630535309090078,0.5516537402654649,0.5355846065517038,0.9786286153236574,40.77159881591797,0.850371311968957,0.056934501906737135,40.767601013183594,0.02682030200958252,6.949613032729815,9.398454174142046,2.185492320461087,0.4613505589020406,1.3349845209352225,0.7325106859787525,0.7974227646486214,1.0694821208784333,2.2572152614593506,1.349213719367981,40.8557977405411,-0.09166474386631762,-18.404879029621668,16.701532804407616,2.2572152614593506,1.349213719367981,40.8557977405411,-0.09166474386631762,-18.404879029621668,16.701532804407616,0.0,0.0,168.13080360867912,-0.3078177094035368,2.4433411211259113,0.5130631891880109
6,0,40.767601013183594,0.8443813658373686,0.05343129069961596,40.69419860839844,0.008746491745114326,6.44169778438669,8.843375869280578,0.902923293490331,0.6344694823952182,1.6576281713530534,0.42040511180141493,0.23470298928139763,0.1813783279897052,40.767601013183594,0.8443813658373686,0.05343129069961596,40.69419860839844,0.008746491745114326,6.44169778438669,8.843375869280578,0.902923293490331,0.6344694823952182,1.6576281713530534,0.42040511180141493,0.23470298928139763,0.1813783279897052,40.91600036621094,0.8499248622474537,0.053832025379863084,40.83060073852539,0.008869560435414314,6.444695242512353,8.653706720572472,0.8997726070938417,0.5841603869693586,1.5148440335799478,0.5545927076490784,0.2529906150467176,0.31114916263510395,2.212801933288574,1.3333358764648438,41.24355054410999,0.4725445331304172,-15.036118311822747,3.415681613094856,2.212801933288574,1.333345890045166,41.243532733553245,0.4725445331304172,-15.036118311822747,3.415681613094856,0.0,1.0016025953518692e-05,95.11354923992592,-0.16252196677834263,2.332228763456442,0.18291202489687436
7,0,42.76759719848633,0.847162153170537,0.055958480271475146,42.76759719848633,0.026006855070590973,5.632310436398711,7.893899368313839,1.2476431801484973,0.2661206069563491,0.8123131320805328,0.7652917309154645,0.9129645642982112,1.0398896797165662,42.76759719848633,0.847162153170537,0.055958480271475146,42.76759719848633,0.026006855070590973,5.632310436398711,7.893899368313839,1.2476431801484973,0.2661206069563491,0.8123131320805328,0.7652917309154645,0.9129645642982112,1.0398896797165662,42.69419860839844,0.8478275334353583,0.055958480271475146,42.69419860839844,0.025603950023651123,5.639418261474816,7.85445800909838,1.1345790051741333,0.3003591908200747,0.8138972081511611,0.8890824297661766,0.7766658395221638,0.880806338073512,2.344630479812622,1.377138376235962,40.89864729534297,0.3661604907103424,-17.44205094245342,2.408283494029527,2.344630479812622,1.3771483898162842,40.898630844534765,0.3661604907103424,-17.44205094245342,2.408283494029527,0.0,1.0016025953518692e-05,95.11354923992592,-0.07217688550781531,2.532418208516731,0.2196316179955078
8,0,49.34239959716797,0.8524726186525058,0.05877862595419847,49.91600036621094,0.045761190354824066,6.656562827074083,5.6392387831646715,2.4764061286528514,1.8336397386633507,-1.1021871175692013,1.6235629287430697,2.0980802308132374,1.0691852103772135,49.34239959716797,0.8524726186525058,0.05877862595419847,49.91600036621094,0.045761190354824066,6.656562827074083,5.6392387831646715,2.4764061286528514,1.8336397386633507,-1.1021871175692013,1.6235629287430697,2.0980802308132374,1.0691852103772135,49.69419860839844,0.8526717557251908,0.05944241619648191,49.974998474121094,0.04596112668514252,6.6292346126346615,5.690013517686168,2.3800328496531424,1.795093332197382,-1.1018742312723475,1.732302774099594,2.093131805980834,1.2148246139947219,1.9350088834762573,1.2741361856460571,41.60290557766268,-0.8328457914969931,-11.002178552382304,6.550539860589578,1.9350088834762573,1.2741479873657227,41.60287978172397,-0.8328457914969931,-11.002178552382304,6.550539860589578,0.0,4.006410381407477e-05,89.09294932664629,0.04287693995723885,2.5012351789686136,0.11920471503234215
9,1,49.196800231933594,0.8515022600372242,0.05610210050518479,49.35040283203125,0.019278325140476227,6.373733763748078,6.894396193375883,1.286628308203259,1.307081454001377,-0.6690162113763449,1.3039508351260451,0.5383204662263901,2.3476711558425905,49.196800231933594,0.8515022600372242,0.05610210050518479,49.35040283203125,0.019278325140476227,6.373733763748078,6.894396193375883,1.286628308203259,1.307081454001377,-0.6690162113763449,1.3039508351260451,0.5383204662263901,2.3476711558425905,48.350399017333984,0.8522002127093858,0.05753124169103962,48.779598236083984,0.01921030506491661,6.2323858872048845,6.889415117850433,1.2633499552189955,1.3866650765896225,-0.8170102166643005,1.4311182216213751,0.41455957529662557,2.2006354540315556,2.2387855052948,1.4457740783691406,41.05965496652615,2.0471830415499994,-19.38604044649827,8.864745136708205,2.2387855052948,1.4457873106002808,41.059643585091735,2.0471830415499994,-19.38604044649827,8.864745136708205,0.0,4.006410381407477e-05,89.09294932664629,0.2498503313403262,2.5434505043339755,0.2112347472276283
10,0,45.71659851074219,0.8409789978501736,0.059566727302794775,45.92399597167969,0.03001590259373188,7.177647293992436,6.164442558217047,1.0858679816587031,1.0867425935703636,-0.090563556589359,1.1666558828895859,0.5945228151549136,0.14528174859412957,45.71659851074219,0.8409789978501736,0.059566727302794775,45.92399597167969,0.03001590259373188,7.177647293992436,6.164442558217047,1.0858679816587031,1.0867425935703636,-0.090563556589359,1.1666558828895859,0.5945228151549136,0.14528174859412957,43.57219696044922,0.8421035224078055,0.06059202910534149,43.71659851074219,0.03107753023505211,6.991957987713704,6.077185320270871,1.1120553133488982,1.1564208259385964,-0.0294021204149999,1.120031263906867,0.8468185216075023,0.5027440816412536,2.5514750480651855,1.5698168277740479,40.484793226871986,0.16604441654209268,-18.72704950251233,1.9932264273664746,2.5514750480651855,1.5698286294937134,40.48477364225536,0.16604441654209268,-18.72704950251233,1.9932264273664746,0.0,4.006410381407477e-05,89.09294932664629,0.3190952796352917,2.651311687188297,0.12817526138497187
11,0,43.42660140991211,0.839288665586884,0.059994050176841965,43.57219696044922,0.018447963520884514,7.325294148303385,4.950914677257742,1.2224767938302548,0.6562666759334093,0.4038087054503876,1.0972082589713068,0.49922630734186135,0.08408039274723933,43.42660140991211,0.839288665586884,0.059994050176841965,43.57219696044922,0.018447963520884514,7.325294148303385,4.950914677257742,1.2224767938302548,0.6562666759334093,0.4038087054503876,1.0972082589713068,0.49922630734186135,0.08408039274723933,42.282203674316406,0.839982811621988,0.059498231580339137,42.42660140991211,0.018153594806790352,7.124610316286635,5.030493731666411,1.055063942105477,0.6269197719358885,0.32003797412119184,0.9575940485170236,0.3853494889228076,0.4381680017131089,2.4145193099975586,1.530297875404358,40.80262653980814,-0.6663412140787841,-12.364846625293069,6.416423559036697,2.4145193099975586,1.5303329229354858,40.802586312221095,-0.6663412140787841,-12.364846625293069,6.416423559036697,0.0,3.5056091292062774e-05,91.13414923207685,0.2844160756338283,2.6282800456093582,0.04163056213884004
12,0,41.648399353027344,0.839764962202489,0.05819826362525996,41.648399353027344,0.012242278084158897,6.765259553367059,5.546968422884049,0.8178745718022078,0.7076814492472749,0.6691961368371153,0.6093825335710221,0.5553417210154115,0.2289848306530189,41.648399353027344,0.839764962202489,0.05819826362525996,41.648399353027344,0.012242278084158897,6.765259553367059,5.546968422884049,0.8178745718022078,0.7076814492472749,0.6691961368371153,0.6093825335710221,0.5553417210154115,0.2289848306530189,40.69419860839844,0.84045819166144,0.0576700887993926,40.71659851074219,0.0118590472266078,6.483129749439854,5.445033921738627,0.7637675607324367,0.7741328954197115,0.48359471071483995,0.3500562494693895,0.6291684856672395,0.18588335794254363,2.313615560531616,1.5151422023773193,40.87193511299311,-3.259459103559209,-14.77892170550183,3.542882848984475,2.313615560531616,1.5151772499084473,40.871877888490516,-3.259459103559209,-14.77892170550183,3.542882848984475,0.0,4.5072116336086765e-05,88.58142414598987,0.22618291337153096,2.5379319502929434,0.10748897391998417
13,0,41.28219985961914,0.8431210821511053,0.059518310788518644,41.350399017333984,0.017780860885977745,7.524141288637395,4.429036842845619,1.3511744912386916,1.3189163302066618,-0.14149007038020045,0.7250730985533664,0.8188995258261729,1.0760736386040435,41.28219985961914,0.8431210821511053,0.059518310788518644,41.350399017333984,0.017780860885977745,7.524141288637395,4.429036842845619,1.3511744912386916,1.3189163302066618,-0.14149007038020045,0.7250730985533664,0.8188995258261729,1.0760736386040435,40.290199279785156,0.8414054767403497,0.05925437149455625,40.426597595214844,0.017668182030320168,7.261572885659746,4.374608134000539,1.3235501816639093,1.4199237030666723,0.03498625576565928,0.5597976558470918,0.4952181371892467,0.6121651915428288,2.338695526123047,1.566985011100769,40.68968182456711,1.4988665515483035,-18.63682509644525,6.125771919840558,2.338695526123047,1.5670057535171509,40.6896351640117,1.4988665515483035,-18.63682509644525,6.125771919840558,0.0,0.0014815370086580515,73.68730868762113,0.2311718827012328,2.5963935836076075,0.05867412023022547
14,0,41.28219985961914,0.8419262146183571,0.061994253063381445,41.34120178222656,0.015329422429203987,7.318659111820125,3.592639416200768,0.8612685877748546,0.964363912087606,-0.17790554795863045,0.7417134330914905,0.04003732934157601,0.7742707296388858,41.28219985961914,0.8419262146183571,0.061994253063381445,41.34120178222656,0.015329422429203987,7.318659111820125,3.592639416200768,0.8612685877748546,0.964363912087606,-0.17790554795863045,0.7417134330914905,0.04003732934157601,0.7742707296388858,40.28219985961914,0.8405390230207749,0.06202728143475245,40.350399017333984,0.015159400179982185,7.198055057315287,3.5684753661441277,0.8086312842881078,0.8419609645643504,-0.2145611004747252,0.6111003588417248,0.2547662660972227,0.19906109870879618,2.282073497772217,1.553523302078247,40.83542421864826,3.082909656834488,-15.094826502009767,3.8800704378126483,2.282073497772217,1.5537469387054443,40.835110776914846,3.082909656834488,-15.094826502009767,3.8800704378126483,0.0,0.000961538462433964,76.59078267858104,0.34426235133327054,2.973223437925242,0.3934338485698242
15,0,40.852996826171875,0.8421035245928715,0.06170514980345523,40.91600036621094,0.015354827046394348,6.795498745107807,5.566861623955731,2.042363849780799,0.31767818989504804,0.1592377825994049,0.7164274414160445,0.3380902345746996,0.37355880813646536,40.852996826171875,0.8421035245928715,0.06170514980345523,40.91600036621094,0.015354827046394348,6.795498745107807,5.566861623955731,2.042363849780799,0.31767818989504804,0.1592377825994049,0.7164274414160445,0.3380902345746996,0.37355880813646536,39.77960205078125,0.8406170514980346,0.06044990585670399,39.852996826171875,0.01590142771601677,6.690517794347045,5.486660094906938,1.9841942261180356,0.4440194346237831,0.2645759184096619,0.6502376352149213,0.48073278364110916,0.7286843751247716,2.2543859481811523,1.5674787759780884,40.79464005446355,0.8766385413594548,-11.832823508060017,3.93805735960214,2.2543859481811523,1.567463755607605,40.794761665012096,0.8766385413594548,-11.832823508060017,3.93805735960214,0.0,0.0009698851499706507,76.45067590005522,0.413837388612194,3.1947267992938464,0.23217326484751474
16,0,39.77960205078125,0.8394768133174791,0.06209538908706566,39.852996826171875,0.019658004865050316,6.939064862365626,3.9538500715373743,1.619388001147212,0.6667264839701375,0.9440278313231261,0.6818369402859616,0.7855519864045988,0.4476467181656858,39.77960205078125,0.8394768133174791,0.06209538908706566,39.852996826171875,0.019658004865050316,6.939064862365626,3.9538500715373743,1.619388001147212,0.6667264839701375,0.9440278313231261,0.6818369402859616,0.7855519864045988,0.4476467181656858,38.71659851074219,0.8374289866560972,0.06113753468093539,38.779598236083984,0.019795048981904984,6.859771754190547,3.985871336585319,1.5103025524798839,0.6767912228117439,1.082560716801595,0.4725166812943371,0.8370686159824258,0.33884777950754597,2.2272989749908447,1.5844517946243286,40.74453821348716,0.47569246119542186,-11.773521411962577,0.4053079049321061,2.2272989749908447,1.5844818353652954,40.744490581793265,0.47569246119542186,-11.773521411962577,0.4053079049321061,0.0,5.008012885809876e-05,88.12384927543704,0.4256407129360582,3.2368693229390146,0.04376426355233101
17,0,38.350399017333984,0.8352812995245642,0.06408478605388272,38.350399017333984,0.015348159708082676,6.7195605431835475,3.751234124144844,0.29872289546896225,0.363070436439898,1.1096273185764858,0.7953976642232874,0.20079648453034518,0.6191905614703614,38.350399017333984,0.8348520866349709,0.06411780243000528,38.42660140991211,0.015131800435483456,6.758400689254017,3.739947367114496,0.2799891255129788,0.3242302903694281,1.1391375069666196,0.823084605287022,0.24087068812531143,0.5896803730802276,36.350399017333984,0.832838087691495,0.06312731114632858,36.350399017333984,0.015347606502473354,6.702666515238718,3.548265788630488,0.46495233272558095,0.3263591987953305,1.2234956703576358,0.5827561058127912,0.17892845456216114,0.6770498448358921,2.30104660987854,1.5790739059448242,40.71310927134532,1.2291993534238372,-16.314674294154372,4.603242567590217,2.33193302154541,1.5844684839248657,40.68564362333754,0.8909883394907752,-15.968631536508553,4.215616161796193,0.6705557703971863,0.12323301285505295,52.180743505208355,-1.6986664373173426,-16.580832661430065,19.931231592901728
18,0,36.350399017333984,0.8350097285888599,0.06252679484219899,36.350399017333984,0.020123295485973358,6.05546243802911,6.11775954224197,2.4579399601636918,0.44459378597235855,0.7978754785510205,0.5829610391932647,0.37725128152653076,0.477351327278825,36.350399017333984,0.8352735547274346,0.06229594697094615,36.350399017333984,0.020243072882294655,6.060326754937989,6.106367265663607,2.4672353665632802,0.5174097612044193,0.7639319614869464,0.5482085172907318,0.46511940951850567,0.5703152211231668,35.350399017333984,0.8352405764601127,0.06325231672327936,35.426597595214844,0.02008800394833088,5.999317621654541,5.917451980122564,2.4713848093857855,0.5462436546323488,0.779120438156724,0.3621077753061286,0.49614013418488095,0.5853101857569527,2.286432981491089,1.5830169916152954,40.70170333952432,-0.9221774660781534,-10.858785400539432,5.864737491052891,2.281219482421875,1.5826071500778198,40.70753543412739,-0.9530455732668202,-10.581861443647028,5.6936590260347915,0.3348521590232849,0.05732254683971405,56.07422051116946,5.795551530833848,-43.18774775085615,27.642200229541956
19,0,36.06039810180664,0.8309999007049945,0.06712342369178831,36.06039810180664,0.017671439796686172,6.126147009136616,6.53490342619034,0.4230902132030274,0.7347826762619434,0.857012497268272,0.7381801532857821,0.16610286078942318,0.3708888587427168,35.91600036621094,0.8306689173534572,0.06718962036209579,36.06039810180664,0.017626969143748283,6.116196332421964,6.486457283465029,0.3841742200103007,0.7539435118000029,0.8817867862214257,0.7728379443313429,0.25366935015052183,0.4930603702141525,34.91600036621094,0.8308675073643795,0.0675206037136332,35.04600143432617,0.017633924260735512,6.047624892627027,6.3205245564384995,0.4059570102939161,0.751656164556664,0.9348985984900651,0.6564630777354523,0.3330343515391449,0.6001533925342528,2.2909371852874756,1.589682698249817,40.68705468273742,2.6167853652384565,-8.039114384486652,4.524909121762402,2.3138859272003174,1.5931940078735352,40.656346452611594,2.076293424865071,-9.163389103612019,3.3449900665094843,0.39641425013542175,0.06537042558193207,55.320323237069296,-4.679867390202276,-44.637175779608924,10.575218351492124
20,0,34.35040283203125,0.8226905350343998,0.07093714514728475,34.35040283203125,0.01515167485922575,5.147012845905408,7.954196317262699,1.7242668065746132,1.0498187343387144,1.5344031700951177,0.42174137227328856,0.7476574254038273,0.6182536541095942,34.35040283203125,0.8226905350343998,0.0708369514394496,34.35040283203125,0.01509885210543871,5.144647177696129,7.950923512685051,1.7574325297360338,1.02741873220981,1.5344031700951177,0.42174137227328856,0.7410647390149465,0.5347615591392127,33.14579772949219,0.8239262574310333,0.07030258499766215,33.20600128173828,0.016114458441734314,5.1322091208639335,7.673896541488716,1.6338916013956937,0.9637230427355803,1.4843466805152161,0.41122940400748575,0.6016915734587214,0.39366992169181003,2.3377583026885986,1.6014968156814575,40.62474015363421,0.20911982363350035,-5.339314866924099,3.6174259902951547,2.3402979373931885,1.602267861366272,40.61996649200351,0.19538336859653782,-5.428355766750485,4.181901082909435,0.0495898611843586,0.019567975774407387,61.68570481131525,-0.734928308010069,-60.95041186359725,16.78345065515868
21,1,35.28219985961914,0.8202937249666221,0.06889185580774365,35.28219985961914,0.0269311536103487,4.79466269181529,9.861705886830862,1.9397792114262506,0.6267840091410903,1.6955644793638385,0.06128886315542559,0.3948404474399392,0.516229363558125,35.196800231933594,0.8194592790387183,0.06832443257676903,35.28219985961914,0.026757022365927696,4.832036404612893,9.860321942405903,1.9348198517867639,0.6589383816425993,1.7079458065445579,0.11035876357561847,0.3564774546380021,0.4790737474242519,33.779598236083984,0.8190921228304406,0.06839118825100134,33.914798736572266,0.026950709521770477,4.7411215094431896,9.51313765864461,1.8803609778028372,0.5243281603423497,1.5667542008518467,0.15104381624104235,0.27292405443529855,0.4670405616885205,2.5841612815856934,1.6071951389312744,40.2413133284234,-4.64855853771661,2.5073807831866475,9.228633251343126,2.5809683799743652,1.600504994392395,40.23909456177067,-4.061873657482124,2.3277938930159507,8.847716933242786,1.3242465257644653,0.4829117953777313,46.22145034149781,3.8812054619033916,-24.958266750110568,36.28695634593812
22,0,36.71659851074219,0.7933958799372308,0.09041434342759841,38.28219985961914,0.030140891671180725,4.809291097274468,10.244426217117962,0.3829997930304204,0.36697855954929537,0.9768502715709815,2.38123769570268,2.428726558944148,0.8798755170615777,36.79280090332031,0.7914927715268272,0.0896798103569163,38.350399017333984,0.030136970803141594,4.824156753681109,10.289430103129348,0.4291805010694968,0.3047311221514519,1.2075808703394273,2.455797880837565,2.39821803057313,0.6739075726545707,35.572200775146484,0.7965677272879036,0.08764315047911589,36.219200134277344,0.029817717149853706,4.789447750597674,10.063874876158877,0.5528534239194682,0.43941385257522825,0.9943064221745317,2.009583624435436,1.94470220804005,0.6548552990139456,2.6700832843780518,1.6597115993499756,40.08845595408097,-3.4444203211474473,2.827848359993709,1.246053093727131,2.6596410274505615,1.6549077033996582,40.11181432847613,-3.733011339878999,3.250009495021459,0.9790975643528486,1.121914267539978,0.4273545742034912,46.851708576925105,-0.1947130498477918,-32.86382967388596,8.894438535186362
23,0,36.85300064086914,0.7641320993408349,0.1046674212663959,38.71659851074219,0.028192002326250076,5.036775198708767,10.341360699170593,0.247275777657624,0.21285569597512222,1.3665469332402722,1.9057901231099095,0.614747006825204,1.1084108694621477,36.85300064086914,0.7607696917238165,0.10177108995272655,38.71659851074219,0.028332369402050972,5.047273039117556,10.33440947784635,0.22760496694248694,0.23099593636823101,1.685121317449216,1.8530992872937304,0.7689541425114591,0.9779053833149192,35.79280090332031,0.768726280045276,0.0984086823357081,36.648399353027344,0.027395635843276978,4.803990685581766,10.318465082958426,0.2550052359387713,0.033783306170391825,0.9833402863133074,1.3957656713236588,0.6139159027896725,0.5614816428160907,2.5878849029541016,1.6257988214492798,40.62917044315972,-1.7142298435106795,-5.8975362329424,8.895273766644385,2.5668869018554688,1.6250466108322144,40.61596614290592,-1.5125265193841528,-4.977749414756886,8.522122359804802,1.4828002452850342,0.4834793508052826,46.24950984026066,-2.883985388750034,-12.731457686396766,20.3111936516647
24,0,38.22319793701172,0.7535498612697895,0.09897176432185409,39.14579772949219,0.042433056980371475,5.106671872761638,11.742411346946255,1.4027930933235506,0.15758742738142928,1.7181780152715191,-0.1577813379006443,2.093315932330258,0.0380655796380438,38.205997467041016,0.7522115227680757,0.09851477068712257,39.14579772949219,0.042692847549915314,5.124426750598957,11.716691771691274,1.3844338319589486,0.14596257395504608,1.635372174215206,-0.03538693113534919,1.889141385510646,0.5272895903437984,36.36759948730469,0.7559980414558511,0.09763342582014037,37.779598236083984,0.04239384084939957,4.972820299352804,11.546881915108088,1.239964254321345,0.15428667878694569,1.2580862705477784,-0.31543315540369576,1.7331147626300005,0.28571212009569535,2.467031240463257,1.6203746795654297,40.71019187561788,1.1290109418878274,-12.530730576160863,7.216875041086615,2.4683423042297363,1.6222180128097534,40.702193727926314,0.5843319459550571,-12.231307907185283,7.550558007640549,0.790459156036377,0.25732421875,49.33418590787781,3.931765364552973,-36.210674449747216,24.44847803343896
25,0,39.219200134277344,0.780192608016658,0.06903956272774596,39.802001953125,0.04022570699453354,4.134462476286501,9.591834702601261,2.3601209743987117,1.042106070528007,-0.026513472279077632,-0.9264246525019644,1.9065048994987708,2.0963225695818437,39.28219985961914,0.7783055700156168,0.06503774076002082,39.87820053100586,0.040146004408597946,4.144918908636214,9.541581638301864,2.3854852137122555,1.056661553444144,0.17927040087658952,-0.8453592272183528,1.6662195217743179,1.4063526301046068,38.290199279785156,0.7873828735033837,0.06354112441436752,38.937198638916016,0.04010734707117081,4.109508137318812,9.320293929853392,2.3880958827476695,1.0321417758050302,-0.026988507575140375,-1.198014757330327,1.5589635882300292,1.5598207623573899,2.4680635929107666,1.603893756866455,40.66259903068185,-0.5808738456454421,-9.323662514116393,3.6344176343980297,2.46343731880188,1.6042604446411133,40.653592422024005,-0.3200466604993153,-9.092233230324553,3.2667553460154695,1.7826606035232544,0.8333109617233276,43.657319688603934,3.5368615754002803,-20.151397046497664,16.064132087268483
26,0,39.93720245361328,0.8390776097198116,0.06545995536821225,40.733802795410156,0.022919824346899986,2.6861514837013942,14.597100783496217,5.210594329997337,0.47610159610997016,-1.2865756224069855,4.517158038949617,5.587517260900069,0.4846293374226889,40.023799896240234,0.8398568949027665,0.06719563600297546,40.852996826171875,0.022989436984062195,2.688106125165291,14.561718933522798,5.227244202153985,0.47730494150818004,-1.3273505913471695,4.656585780084583,5.704498722727091,0.050519218885142436,39.1682014465332,0.8532818532818532,0.06737274627182883,39.802001953125,0.02287626452744007,2.6058813431719727,14.49234195926914,5.386183654003976,0.6403146321128474,-1.6949165400163793,4.449213820438786,5.888393204514748,0.38285325431832007,2.4916765689849854,1.6394950151443481,40.546505027952406,1.8458263245086073,-10.295412792049376,2.614033725583609,2.4707748889923096,1.634122371673584,40.58895770552689,0.26246233272803465,-10.061043459870803,1.1304468090380009,1.7268424034118652,0.8600819110870361,43.59750549477906,4.909739375921845,-24.341909867199547,4.409670186718252
27,0,40.852996826171875,0.8468262080146618,0.06721178585274733,41.648399353027344,0.02880561165511608,3.455794536527378,16.858916556023928,2.3891758029953403,2.2179540454110906,-0.6423737338461137,4.687394275333759,0.6663155779385855,1.9042640386887797,40.878204345703125,0.8472843900891692,0.0685863320762697,41.71659851074219,0.02893737331032753,3.4584365706687095,16.79623300175308,2.36356978242415,2.2271432289743416,-0.710463407871714,4.880408496258497,0.6562365468424846,2.1235081756992145,40.14299774169922,0.8597610404257569,0.06925598280054981,40.801998138427734,0.029144298285245895,3.3335037590446177,16.67921965588016,2.304749105654467,2.2312492100194845,-0.8838034196914464,4.774517742260855,0.8739148331022125,2.4790411527661718,2.4813923835754395,1.6404138803482056,40.56941218136159,0.4220089012998187,-13.62947814650056,3.6253617533129865,2.5066068172454834,1.6323672533035278,40.6288417231746,0.5904738942074346,-11.188861373044972,1.1745487770802423,1.8119258880615234,0.8918769955635071,43.35251132795107,3.9124922968000533,-23.718280447938184,1.1761868003787532
28,0,41.99860382080078,0.8557712747112591,0.06660525756394814,43.06159973144531,0.0369812436401844,3.6343868688212524,16.03418878498195,0.84384306448654,0.5910507205321096,0.4973398795481785,4.7457393899667295,1.1412060606909729,0.49551172483342043,42.04209899902344,0.8616169489123503,0.06727839580528591,43.22319793701172,0.03698602318763733,3.6441438022337707,15.99985448977759,0.8177444039501923,0.5846232139383574,0.3703670510387269,4.619525969998676,1.1118696746544803,0.4639432754349855,41.290199279785156,0.8636363636363636,0.06713668249132006,42.31659698486328,0.03693216294050217,3.56442754030013,15.83297139982841,0.8771897762855962,0.4966986346171325,0.11198193048278426,4.569238285674828,1.0167242098611942,0.18467222984929776,2.448805809020996,1.6366931200027466,40.63593146741098,0.71171063111575,-10.090412147733161,3.550903439392548,2.4409899711608887,1.6370627880096436,40.61943351133917,-0.16350841512621628,-9.459342353304976,1.88672344619727,1.5047270059585571,0.7530005574226379,44.33786217095989,2.970144978048438,-26.341978427021047,2.7877965411058705
29,0,40.648399353027344,0.8694502982462406,0.07261492302746723,41.223201751708984,0.031547367572784424,2.3798064628425095,17.133557666317017,1.6681078898901307,1.4331727382726172,0.6893668901728347,5.061711981468136,0.36974728043564636,0.947686602769636,40.512001037597656,0.8692002714576562,0.073222130942601,41.14579772949219,0.03153591975569725,2.4022005090070024,17.113218345531095,1.6679335175267813,1.4276505247918294,0.6882691334784568,5.146663166476401,0.6155772558582001,0.7629283764707111,39.92400360107422,0.8692002714576562,0.07157909776047433,40.512001037597656,0.030959395691752434,2.379234685995357,17.01044566923224,1.6706668599703478,1.4161166355602859,0.5330956750118503,4.871890875868814,0.5185897956790323,0.5746716056451646,2.4792964458465576,1.6661796569824219,40.266351521165774,1.4824572377258391,-8.893402316421145,1.4236863656924543,2.455413579940796,1.6641426086425781,40.24431073214739,-0.5772062559807409,-6.997230890555045,2.4966254742216143,1.90040123462677,1.1446882486343384,42.1973303506187,5.718353679075221,-20.313406414535848,6.62543067084089
30,0,36.85300064086914,0.866426250580212,0.06391259328025137,38.14579772949219,0.05859292298555374,2.4288743773529973,19.715840178806957,2.582748658802432,1.3036483204892306,1.9371007622870593,3.399717371746476,2.078236247004899,1.0557068614895684,37.219200134277344,0.8663905452208377,0.06298425393651587,38.14579772949219,0.05858200043439865,2.424896785580472,19.68988551548091,2.576767126782606,1.264639569800238,1.8974720569195824,3.4537878334886045,2.080384244099418,0.8913008410013958,35.937198638916016,0.8647123933302389,0.06284143249901811,36.231201171875,0.05797966197133064,2.474571047747702,19.58822463715768,2.5795413215048364,1.2805292160571184,1.7581014259149015,3.3152832232391916,1.9808246954161928,0.8038920063739852,2.4680659770965576,1.6743059158325195,39.81709075053563,1.7902533232559108,-10.382794404113724,1.5208639719412431,2.4538521766662598,1.6768218278884888,39.8106229804145,1.6217393907985524,-9.629991890511803,3.4302758548523347,1.9029228687286377,1.1424355506896973,42.256143710713275,7.302073575527572,-20.473659393935293,1.5918070636309678
31,0,34.71660232543945,0.7469822260241422,0.05801096220257897,34.14579772949219,0.05664006620645523,5.728021231911214,12.350818888220658,8.070186402973034,3.250078940047729,4.212968931352577,-11.84211185833118,15.410805760952774,1.0281342969512934,34.85300064086914,0.7484079460127364,0.05788423153692615,34.219200134277344,0.0566609762609005,5.721680874091305,12.357068596394697,8.039837641090472,3.2740878119373633,4.438955837127253,-11.918305035290018,15.58076952436603,1.3322808567665447,33.79280090332031,0.7447644393752179,0.05788423153692615,33.22319793701172,0.056010130792856216,5.811456729213717,12.456474246626158,7.873796395895656,3.2415493197136698,4.447319835413452,-12.225187481408511,15.771433840206141,1.4642126585954998,2.6820425987243652,1.6943659782409668,39.562632548805496,6.1738050480634,11.427631492699334,22.246577344041857,2.683769464492798,1.698954701423645,39.54123925259887,6.218471538559015,12.753822244140679,22.85093174583747,1.8764756917953491,1.1818311214447021,42.21060950866501,5.347655509813137,-15.76729212959168,5.096041876052054
32,0,32.71659851074219,0.7137671295035847,0.05626644886105817,31.65760040283203,0.03134417533874512,4.535774729772811,11.409114856551412,1.5192952988551531,4.491393356696619,0.015829194754189757,-15.258595944785327,5.411870793129452,6.473007905663906,32.65760040283203,0.7142813927458632,0.05626644886105817,31.71660041809082,0.031242985278367996,4.537457019095655,11.420819473332529,1.5096186800564702,4.481007943506484,0.0901507765343581,-15.371806628785066,5.5532673905828815,6.890288840800565,32.143001556396484,0.7180022385576429,0.05699246755603957,29.792800903320312,0.03291040658950806,4.789576721502044,11.4350219229745,1.444854179373884,4.358765689177687,-1.2507924778781785,-13.334435411858465,5.805076649458921,8.387330722790182,2.8986289501190186,1.7380402088165283,39.042336566562064,15.511284783007738,10.203702499188182,9.417352599412077,2.857720136642456,1.7339426279067993,39.054277934609146,15.157944584988059,11.49668858342568,9.027433931562948,1.7058000564575195,1.0725736618041992,42.697267945363286,5.79323834468704,-31.6317729811326,15.870737120614239
33,1,42.802001953125,0.7256153960913024,0.05484111591824556,42.16819763183594,0.0589541420340538,4.679735231398013,14.675758949456565,3.2698147127536616,1.3362070037636045,-2.2860161129514722,-11.50590553006873,4.402405838778655,1.8952944288927256,42.81399917602539,0.730210353573027,0.05487095330449052,42.231201171875,0.059066858142614365,4.691746402882018,14.63253920738947,3.2154235901479558,1.3385132387820136,-2.3847912057197505,-11.212056104813712,4.840336996243531,1.8738630783387862,42.321197509765625,0.7335223034462182,0.05561688796061465,41.65760040283203,0.05819936841726303,4.829218617178924,14.592620775701278,3.157847683887607,1.0615219033885523,-3.346856364832547,-10.064569651522675,3.884006424918812,3.6020484263372623,2.7098305225372314,1.7314369678497314,39.7520825571679,1.0158465790821651,1.0602162048525088,17.138292515257444,2.724236488342285,1.7358782291412354,39.71102063947251,0.45311809889545884,2.7637732150435,17.102506623808573,1.9483453035354614,1.3872021436691284,41.36626254303481,2.778673975769209,-19.825184350261623,12.18536554367413
34,0,46.512001037597656,0.6619688933913355,0.06182587450092367,46.71659851074219,0.03200696036219597,4.772586868376493,15.448625333782104,0.7784239683553014,0.051108864646721486,-2.5491623503376104,-9.55110884159211,1.9724289684370486,2.038699070319524,46.512001037597656,0.6717418509028067,0.06340504141588701,46.65760040283203,0.03194817528128624,4.787827358444872,15.390885372427249,0.7644085661800087,0.05820842822350869,-2.545140629704406,-9.843125877688067,1.3782894850177452,2.314592558269453,46.06159973144531,0.677522197723616,0.061021393242357426,46.231201171875,0.03182658180594444,4.9947375817232,15.319154098543777,0.7451491104633841,0.12587706886739625,-3.2603934373983066,-8.53903447757341,1.5279834438818092,2.182526814388609,2.8433351516723633,1.7311122417449951,39.7635178892688,1.8876099401545616,2.47138789399105,1.6587274923670752,2.8104135990142822,1.73202645778656,39.75497453836853,1.19320626968846,2.959782781756303,0.7656045002419142,1.9150028228759766,1.366193413734436,41.59970252550888,5.383472442745017,-22.591989908057712,3.8000247431050833
35,0,47.606597900390625,0.604605439542435,0.0932705770204653,48.37560272216797,0.019745968282222748,4.469830107190035,16.85513392247543,1.4387244581615375,0.39560839816493854,-2.9423120825046,-9.108809272051701,0.5917732852356612,0.13000349478085127,47.512001037597656,0.613006047245971,0.09157258184634633,48.180198669433594,0.019657136872410774,4.4638518016378725,16.77914932174656,1.4255654858294136,0.42005651236985386,-2.7666733989262298,-8.738441189072887,1.126678760383769,0.061183345237168396,46.648399353027344,0.6144955166969526,0.08853406416634395,47.87820053100586,0.01959853619337082,4.757770398459343,16.630853599022714,1.3329324909764562,0.4024861478081334,-3.3379754793090797,-6.959720022066051,1.5812188724530036,0.16404496934501367,2.80242657661438,1.7109376192092896,39.89920462832042,2.2515257514090194,2.7049185944298415,0.43240178737884827,2.830045223236084,1.7160965204238892,39.87985830151682,1.265951455853667,1.320986377298368,1.640410167419864,1.8578461408615112,1.3756102323532104,41.69322421981731,4.183901324829776,-23.603937993516183,1.56939790830735
36,0,47.75499725341797,0.5833532576210401,0.10681410639569636,49.14579772949219,0.027631543576717377,5.290316989947996,17.789111547143477,1.243186602308134,1.12324364394442,-2.704399632706327,-9.191328312460882,0.25181684971238094,0.6310621819652624,47.75499725341797,0.5828451882845188,0.10594739988045428,49.18020248413086,0.027934974059462547,5.2969821372722095,17.757112911213824,1.2847252385151777,1.1571058924413364,-2.6399167689998535,-9.162450064209338,0.4425503015757314,0.3482893991482001,46.94119644165039,0.5826060968320382,0.10065750149432158,48.755001068115234,0.027758818119764328,5.547439242214978,17.610273582808247,1.2581098471265597,1.0266360270194923,-3.4885331281096796,-7.509051462622949,0.5695898850898615,0.07297560688982685,2.817283868789673,1.7244746685028076,39.783020902076096,0.7634181674385445,3.2553879665558156,1.5866570868083654,2.8374686241149902,1.7313659191131592,39.73852398835029,-0.011158665518962607,3.412003611725197,2.4501761848451706,1.743695616722107,1.3033019304275513,41.934708284414995,0.5149368462688244,-24.49703796832091,3.77609956303303
37,0,49.60660171508789,0.6577213370073081,0.08050796693422786,49.81399917602539,0.03372862935066223,5.718667970633987,15.90969173522916,1.9276159866712816,0.3921359020719706,-2.669146560407796,-10.236326730003213,1.0455928805096473,0.20265937749974228,49.54640197753906,0.6593985863184377,0.07999880196477777,49.755001068115234,0.03385649994015694,5.736867169667448,15.860708060169827,1.946753759669816,0.3932453032390981,-2.375141122489481,-9.927774046453294,0.8098314273864239,0.1380190165839963,48.937198638916016,0.6654187133101713,0.07679405774529771,49.1682014465332,0.03397436439990997,5.9386295491039505,15.613396020221387,2.0348341102327554,0.3984785368666621,-3.2097214787315806,-9.105372834555794,1.6204869201318772,0.42936929817869895,2.8804495334625244,1.7245643138885498,39.75934640542596,2.6751346022914504,0.553446070878465,3.3098564523107674,2.8677871227264404,1.737268090248108,39.70549408671467,1.5612886546098252,1.7741632981264388,2.2704870551116305,1.949863076210022,1.4778763055801392,41.20976373257814,2.7195648329321784,-20.26711599856867,4.7699711141444014
38,0,50.40199661254883,0.6478932753833152,0.08855487142339732,50.890201568603516,0.017030661925673485,5.204215838870425,16.67717575791471,0.9239549344820172,0.9428031124495533,-3.100788525913117,-10.616016073361095,0.5748728414569921,0.46689503780385166,50.79399871826172,0.6530846311722805,0.0874381262827478,51.043800354003906,0.017486851662397385,5.197242027657751,16.6301823770155,0.9398329735512063,0.9795101744049362,-2.7736522167680846,-10.574428532815773,0.75958746500706,0.6632867407889762,49.87820053100586,0.6574308825304841,0.08279005191355789,50.18020248413086,0.01709749363362789,5.388470133288649,16.37024008785636,0.9356753312578483,0.941349722704274,-3.1151716868248513,-10.117899083078669,1.0169312007689664,0.1842618574713697,2.7833335399627686,1.7216612100601196,39.811627388392836,0.6359837901277388,3.3620283815905054,3.4707737798353424,2.777238130569458,1.7256945371627808,39.79559743038636,-0.6984913078966883,3.8046839168710562,3.038028877758235,1.9185729026794434,1.4677318334579468,41.34407411605604,3.166988381283886,-19.915713188146185,0.5689215822874483
39,0,51.54640197753906,0.6400692524982535,0.09437171582176594,52.89939880371094,0.02724260650575161,5.69610727540379,16.749532768000904,0.4971847968748349,1.006343568296927,-3.2254189804525026,-10.772804341311712,0.2002880704526565,0.3070115109659355,52.177398681640625,0.6393099049296844,0.09649788901375937,53.04379653930664,0.027253247797489166,5.7162249526033975,16.769818076005038,0.5374396755147829,1.058608066955344,-2.870679289604084,-11.394644103630469,0.8259345225076865,0.30148402144260444,50.6576042175293,0.6405856088448805,0.08936002186920998,51.09480285644531,0.026905566453933716,5.903248564307489,16.51065616241192,0.5335855198895592,1.064937846834141,-3.2296980008528635,-10.726043501241975,0.6188343154254043,0.20907610593474146,2.7519233226776123,1.7216538190841675,39.843770051184954,1.446698234657049,1.0838130934826609,2.4181651741634145,2.7905631065368652,1.7328130006790161,39.76977176428151,0.6576580646236607,1.1810463057839797,2.9534074278531297,1.9700785875320435,1.4855955839157104,41.231686250797,3.1949977960280194,-24.56130930450223,4.64568055333303
40,0,52.802001953125,0.6221810224302474,0.10023706765546167,53.87820053100586,0.02398792654275894,5.61613407847409,16.43222409804588,0.32723157588439383,0.5718646334630648,-3.6234661809384647,-11.686105358582324,0.9962732165235834,0.2734167459465766,52.852996826171875,0.6270135554069661,0.10181751869187283,53.72200012207031,0.02429828979074955,5.57415135211528,16.4710165934502,0.3308583290966473,0.6610565254337644,-3.2220668617935644,-12.228905576372142,0.9052432992242045,0.2543604993534814,50.89939880371094,0.635523676372257,0.09522217494377241,51.836402893066406,0.023619024083018303,5.808081647020629,16.193459025102698,0.3311657682536792,0.6099453483057005,-3.276648319181561,-11.036138736971168,0.3136293793845051,0.06757599569931472,2.7827789783477783,1.718066692352295,39.87073080202921,1.7423350247404983,6.076624052212594,5.001555996014096,2.7954354286193848,1.7240444421768188,39.81638364161582,1.4994201796053517,5.479641086104607,4.3802374985402555,1.9047271013259888,1.4490736722946167,41.49338186995544,4.27981384658267,-20.59634525167519,4.1106892127417805
41,0,51.16819763183594,0.6539962202036212,0.10946168383832226,52.890201568603516,0.027109304443001747,4.3054197035157244,15.24920834351741,1.7656439188537032,1.2307411780286657,-1.495392715208368,-11.368845806284412,2.151592503023929,2.526120666216059,51.31659698486328,0.6515881241236359,0.10626104980796196,52.87820053100586,0.027404986321926117,4.299800836055169,15.242177373774439,1.7703149622584131,1.1322769155719925,-1.506430370470241,-11.854399543084583,1.75603625797675,2.067024063512804,50.31660079956055,0.6600012192891545,0.1022983600560873,51.18020248413086,0.026520587503910065,4.470315972427898,15.038456236886248,1.7673846329835277,1.2425987573058705,-2.0354118150223144,-10.476331276634426,1.3616359469058315,1.288186822487944,2.643972635269165,1.668596625328064,40.033227988966914,0.4339058628381167,2.1058786487831185,4.180766189417064,2.6282577514648438,1.6704026460647583,40.03288365541256,-0.33340182996909107,4.177039480876772,2.2485567506119635,1.9575005769729614,1.4673961400985718,41.40153991010324,5.659296659248412,-20.731599263011674,1.3860975716098767
42,0,50.1682014465332,0.6586076498667163,0.1172586944392784,50.87820053100586,0.035614967346191406,4.677974574856478,12.964267079508886,2.3151141898680923,1.683269246299119,-0.893702558874736,-11.614578156916764,0.649934944726079,1.526383309396465,50.1682014465332,0.6569958465067262,0.12079226334387205,50.87820053100586,0.035225190222263336,4.669752879176599,12.967350696913343,2.30471276387506,1.64430255918154,-0.7485796679894747,-12.142676085581058,0.8108273874286152,0.9577857888425569,49.65760040283203,0.6606843965036265,0.1160188457008245,50.1682014465332,0.035598598420619965,4.814398313223819,12.92098317609367,2.1452470301645645,1.6818480153886526,-1.1574167887075646,-11.292495673548558,1.1987491768604672,0.3632414778444968,2.6964495182037354,1.7093980312347412,39.851824557987605,-1.8952286119790642,4.559443738688685,3.383023655280172,2.715690851211548,1.7143419981002808,39.79972178330711,-1.6052026905140337,1.4060738425022237,3.048889633610132,2.0223538875579834,1.5278587341308594,41.04550083546327,5.108076973869515,-19.725251930285253,1.1474223701997406
43,0,49.1682014465332,0.6933679774390824,0.12430685382933553,50.09479904174805,0.04364659637212753,5.224874533317404,12.318775843496326,0.8460251180275832,0.17434508712017305,0.42828217467450713,-9.530808742808176,2.467739574369976,0.7202945772156113,49.18020248413086,0.6938115909883076,0.12427516714724801,50.07480239868164,0.043658893555402756,5.214146141718345,12.433074803675993,0.7627678246985871,0.17444121942031643,0.39080783010695086,-9.54641103310695,2.835277075263866,0.38153679561565923,48.79399871826172,0.694445324630058,0.11993409170125796,49.46099853515625,0.04390667378902435,5.315735490594591,12.458884386424131,0.6818168792484871,0.1572548365748503,0.5121953211761934,-9.490895714803571,2.4562913118806637,0.7916170835690082,2.5525388717651367,1.6607362031936646,40.22671963211954,-2.3127161582382882,5.641815875606255,1.1600971054429257,2.559471368789673,1.6593236923217773,40.23964611829827,-1.795859117020541,6.447253522594963,5.044783686140384,1.9064313173294067,1.4750134944915771,41.440668939849814,4.221076943703167,-9.859494220750378,9.905551182885379
44,0,47.023799896240234,0.7559539242194155,0.14907959554057557,48.30459976196289,0.03377170115709305,2.6685193604379833,18.016813445929984,6.245204903656507,3.1032551313403474,-2.3529550822986494,-1.6737982248301364,8.334740245454151,4.1032219905224,46.878196716308594,0.7562131930812253,0.14815363531982667,48.1682014465332,0.03371317312121391,2.6493633679621666,18.050008000631692,6.174791430940758,3.1091760362979244,-2.335055922108552,-1.7149897973780526,8.292254926560561,3.8652512503119283,46.46099853515625,0.7553242712693062,0.14822771213748656,47.779598236083984,0.033868491649627686,2.824419456968542,18.09519924278618,6.162361620308383,2.9926532109968207,-2.4592230116019778,-1.9105486931019868,8.14192777404653,4.641030442661929,2.3573012351989746,1.6700190305709839,40.19095032506495,-1.4395560498850841,-12.28012951729471,17.94320303738838,2.348707437515259,1.6740801334381104,40.17516756300463,-1.780238099460064,-12.703898297811634,19.15115819120224,1.7433500289916992,1.472320556640625,41.466363080041674,4.144867291409753,-24.15446493074461,14.295173853811491
45,1,50.1682014465332,0.604932960493296,0.24116297411629742,54.61199951171875,0.040328290313482285,3.5666760340013184,16.76567605365517,1.5401396639962806,3.454511846442756,-0.6857139303449458,-6.081499995088848,4.712486387705506,4.44847840892686,50.09479904174805,0.601204560120456,0.23657417365741737,54.65299987792969,0.04049624875187874,3.5046056344678505,16.801948340953572,1.5129746357866158,3.420025040261862,-0.8070650134825996,-6.334975844577571,4.866110078200224,4.253854660841455,49.73379898071289,0.600559260055926,0.2416290241629024,54.40200424194336,0.040770210325717926,3.816189065795811,17.07396124872929,1.4235638368189654,3.483085642453318,-0.42281681612092825,-6.092267541347269,4.651206587409707,5.007824528259221,2.4809985160827637,1.6610676050186157,40.15964976583774,-1.1699956861386909,-14.007151152014103,1.7479320686147761,2.4677212238311768,1.6555230617523193,40.2144504627461,0.18596733181897207,-14.916287657939336,2.9598362249958092,1.9474855661392212,1.5032562017440796,41.25177792105867,4.078019025867263,-17.97039067273596,6.184435553805317
46,0,53.648399353027344,0.5458464365216776,0.30147344616797994,58.38479995727539,0.023803912103176117,3.83764082773223,17.192744373916014,0.505775908493133,0.6271918798324236,-1.7744308875244315,-7.225770491381525,1.579449138635381,2.7559581091331893,53.467002868652344,0.5483198473552171,0.30080209179887635,58.402000427246094,0.02364426478743553,3.796869921746179,17.176336614274533,0.474957885310434,0.5629779792273553,-1.833192703442478,-7.107001541548129,1.2841190415554444,2.5541185985858306,53.606597900390625,0.5445743966644289,0.3099183774424932,58.180198669433594,0.02437451295554638,4.124303509476647,17.49676559761508,0.5231615695380236,0.6836551651464333,-0.8736644687789408,-7.365847141606196,1.3510250197916127,2.487253848139062,2.3756589889526367,1.6570795774459839,40.21255004598225,-0.5873514387935757,-9.78706465150941,4.260117884602056,2.4174492359161377,1.6680271625518799,40.17017614609103,-0.4191329629719007,-11.258167231735683,3.707828396698584,1.9209154844284058,1.528451919555664,41.18093426478702,5.9513654116973385,-17.248162877899972,2.007744921282646
47,0,54.09479904174805,0.5176939632360724,0.3519034682284867,61.06899642944336,0.02782558463513851,3.644285379918699,19.034286911091726,1.8516655328181522,0.46432024154444207,-1.2984044264130716,-7.8560333035696885,0.7898306173513013,1.5647434182908455,54.09600067138672,0.5215397099813005,0.3489397734890449,61.00080108642578,0.027712738141417503,3.66550667798964,18.957564238500538,1.7860649907313169,0.4236275310348674,-0.8363723938308567,-7.867826838660733,1.2539959578805229,2.0229479995714996,54.87820053100586,0.5143068835338531,0.3571957802632043,61.11840057373047,0.027850793674588203,4.107307420409711,19.35813722211691,1.8614492180943711,0.3251105327477717,-0.8172814466055343,-7.847741840474612,0.48518197203408975,0.507230674831419,2.480085611343384,1.6649136543273926,40.14804547262309,-0.24808652773697304,-10.357007914123699,0.6632767163663019,2.484780788421631,1.6675206422805786,40.12661127068541,0.3835532219588913,-10.816142124762393,0.9163467175002583,1.9301921129226685,1.5177342891693115,41.23094200203412,5.120573594715665,-15.769844350217454,1.6957714210509378
48,0,54.512596130371094,0.49757435140265766,0.3802995148702805,64.82839965820312,0.030688626691699028,3.9083257087129937,19.84758371936954,0.8550842026284168,0.45739577660782516,-1.66409437292873,-6.98505672643239,0.9446318515191142,0.8417164076270183,54.231197357177734,0.49100049216058494,0.37987766294030795,64.8887939453125,0.030823808163404465,3.951307757824509,19.884939085367137,0.9704155624450919,0.41716432359140754,-1.944948306076924,-6.842271628818821,1.5102000005449898,2.1053962218576885,54.53199768066406,0.4528228924980665,0.3861702875623989,65.2656021118164,0.031511545181274414,4.373111246918029,20.516540749122214,1.1885076379917776,0.28279991557525364,-3.1004449900035524,-4.560073814161342,4.002698691775885,2.3395465655714247,2.5888829231262207,1.699545979499817,40.01536258190523,-1.495707456087473,-14.483670602355971,4.311137080087638,2.5899503231048584,1.7018221616744995,39.98422659561009,-1.0345109289940524,-14.150027899381996,3.6229408350715366,1.9128304719924927,1.5276750326156616,41.231497216442804,1.907885818197144,-14.673150887836243,3.394716379879357
49,0,52.57219696044922,0.46550438518623727,0.38653552533465896,67.54640197753906,0.03734225779771805,3.1810683443273433,24.916296708759205,5.120620532988233,0.9912976931799449,-3.819043646579246,-1.7741198171584642,5.6389422629106765,1.7892593271348574,52.512001037597656,0.46245073323154495,0.3894116393850087,67.48619842529297,0.037235014140605927,3.173187484609059,24.958134776221073,5.132522350393404,1.0639213530503184,-4.268733038562743,-1.6239721286812596,5.712322220959714,1.2152088202397522,51.54640197753906,0.4377374569470582,0.4012356638142243,67.91600036621094,0.03733086958527565,3.620486675487541,25.61635923093081,5.155055023267693,1.0184283979388056,-4.840600155283994,0.3369342538989599,5.197001829699494,0.5430083781175767,2.7468314170837402,1.6766424179077148,40.013901604597244,3.9938730941881317,-8.348027275912557,8.232958984915072,2.7359726428985596,1.676101803779602,39.990223629506886,2.170317577941603,-7.2213907512061155,7.633933356399584,2.0069541931152344,1.518155574798584,41.256337424853115,7.917782238963298,-16.40239770203067,6.253730849080363
50,0,52.87820053100586,0.43922817416527415,0.3683513573162657,67.47299194335938,0.04872937500476837,3.259858435488127,27.009385781689218,2.0945714945267793,0.8060474555464339,-7.668713700628473,0.18036796979339442,4.317404548381742,1.6947207803987112,53.09479904174805,0.4385660686697985,0.3709682504650503,67.4896011352539,0.04872142896056175,3.219570393813285,27.023307604741376,2.065693633122976,0.8245031824196758,-7.849091133178661,0.45085726923696257,4.138101148612418,1.2565733621300978,51.94119644165039,0.4246303244316928,0.3792603335750544,67.13500213623047,0.04790665954351425,3.633966016408351,27.38271732525891,1.7664095250054694,0.7661039123512978,-8.136503463858219,2.5638214776079167,3.9776884401105006,1.5557481432937834,2.8262126445770264,1.700871229171753,39.950787073772446,3.567154072922733,-2.0228773566503264,6.3395276341579825,2.817756414413452,1.698814034461975,39.97081772290878,3.5333984410539756,-2.2462872364346254,5.15845368517299,2.0010147094726562,1.5438261032104492,41.10317094519165,4.688991846175782,-16.522418930983463,3.2310203490470784
51,0,48.73379898071289,0.38153454313912766,0.4010506208213945,65.2656021118164,0.0443323515355587,3.977790583653359,26.972016157852863,0.718904067421249,0.6391420570044488,-9.81548397301026,-5.6230942607477346,6.1877941516908574,1.7028997816674405,48.998600006103516,0.38322190385227634,0.40509391913403375,65.03459930419922,0.044398099184036255,3.954800597777023,26.996299177490812,0.7357261093390044,0.6888472947595119,-9.26551987824422,-5.414641284756215,6.034098414572308,2.163929349550358,48.14299774169922,0.36749442852594716,0.405507800063674,64.76819610595703,0.04388151690363884,4.384460174745982,27.296638643283586,0.7554144698041716,0.7370148174168207,-10.426301631273816,-4.143744462739903,7.087638287300923,1.0061051411586277,2.8036797046661377,1.6932473182678223,40.105389360014236,0.36083160937124603,-7.067540093776245,5.977384534361299,2.820878267288208,1.686143398284912,40.148265266410306,0.4225036443236263,-5.16669592422727,4.26690207762713,1.9660797119140625,1.533589482307434,41.15948250451282,1.0747667753423684,-20.048173530198426,5.049115601422318
52,0,48.21919631958008,0.3646614231289173,0.40192945803121544,63.33899688720703,0.045490872114896774,4.404897937599458,26.43298191580385,0.6877344006927323,0.29082479421913376,-10.605379341331513,-6.747686484049666,1.3742788514732192,1.3568749040605326,48.21919631958008,0.3640776699029126,0.4009770185572078,63.30430221557617,0.04554435983300209,4.394097734302932,26.415646552737883,0.7281067537060267,0.2959330674378293,-10.814427871921566,-6.876041778251761,2.1295087168796956,0.13247924861178717,46.79399871826172,0.3583937569128671,0.39830404325918645,62.3390007019043,0.045531660318374634,4.818429066586873,26.14354187352899,1.2320556641256508,0.31652526649673973,-12.887402898564687,-3.1724068063176105,2.6458488790262917,0.17130309987527426,2.806612253189087,1.6972055435180664,40.10363064945605,2.311035681811859,-13.406286210154747,6.631967901917763,2.784323215484619,1.6906943321228027,40.141862853430766,1.3058463479515012,-13.088933911468587,7.971332953687354,1.7859119176864624,1.4983415603637695,41.40212176804887,5.7135177611208405,-32.910147510077024,13.672906983049906
53,0,46.59659957885742,0.3812893553223388,0.3442278860569715,57.71659851074219,0.047854918986558914,3.0303936555787914,22.74901826804802,3.9320287612477607,1.8016116359667649,-14.306429474593415,-8.300640233836646,4.013656367689613,2.9111547649406475,46.46099853515625,0.38278860569715145,0.3394302848575712,57.69379806518555,0.04771069064736366,2.9774196047228543,22.771266641908312,3.9100488305504135,1.855975266105986,-13.609618249645337,-7.913841803854098,2.9816301146956117,1.2462823840464239,45.12150192260742,0.3946626686656672,0.3320839580209895,55.890201568603516,0.048597466200590134,3.410138213859284,22.13673482583522,4.247091456906086,1.84225974456848,-14.368471063395248,-6.727211644925774,3.8509999155370767,0.9800331024603111,3.2098796367645264,1.728394627571106,39.639632081914435,2.795030254265612,-15.815028163286968,2.4568859442277575,3.20450496673584,1.7177869081497192,39.67751745491197,3.21939090180382,-16.12162169652146,3.585923585519742,2.00170636177063,1.5211995840072632,41.27754884458281,3.942265739103277,-27.368928452234684,5.817425751352265
54,0,47.64699935913086,0.4230017183148664,0.31581442199443027,55.043800354003906,0.026588965207338333,2.2195547428917735,19.989160435477345,2.876503954165397,0.5636653693336484,-18.1353176022879,-8.862416767057425,3.869880769181051,0.12783799443258204,47.54640197753906,0.4254606861409018,0.3149256384428512,54.898799896240234,0.026583446189761162,2.157127818536253,19.95077805771865,2.937351607831348,0.5963863433934762,-17.666192584867133,-9.068716338733395,4.217763688080786,1.2613839574980261,45.8661994934082,0.4441547668424483,0.3004680926704983,50.95840072631836,0.027233989909291267,2.1996367857507835,19.060568073905415,3.3057700454101586,0.19778942461908855,-18.48494489074642,-6.864677824045202,4.11876847148136,2.6354056625206113,3.4460322856903076,1.7668588161468506,39.28335809018421,-1.0470343242671447,-14.63425755947327,4.019412823342068,3.455578088760376,1.769415259361267,39.280116795962826,-0.20654740597882437,-15.072229428520586,3.5830542028934786,1.9554845094680786,1.5174989700317383,41.32972274637801,5.7504072502570125,-25.954926202471256,2.295381904322971
55,0,47.46099853515625,0.4344363103953148,0.3084333821376281,52.95840072631836,0.018413322046399117,0.48900880923264367,18.856627692196184,2.0681923612440163,0.9197070209721119,-18.14514488904183,-9.257758535020287,0.39546389096976353,3.8190608409405513,47.46099853515625,0.440497803806735,0.3090190336749634,52.89939880371094,0.018581371754407883,0.46137060376321415,18.872543965697332,2.00952265193798,0.8754654285864376,-18.058462933188537,-9.129201130918489,0.39690607989531884,3.664303986900393,44.88739776611328,0.45478770131771595,0.2896046852122987,48.66960144042969,0.018069511279463768,0.4425324284762837,18.12118377227239,1.9924503980043273,0.5466029291659993,-18.63309299661563,-7.517376102812193,0.669300309560684,3.9683257214819605,3.7564499378204346,1.8135472536087036,38.56901623776025,-3.2635647883647607,-23.16805655139939,8.816957101680376,3.7472097873687744,1.8142238855361938,38.599694713145055,-2.5513212690795513,-22.348921764707484,7.6451432834579,1.890217661857605,1.5285308361053467,41.235834813668404,4.018238320808507,-29.051152560896355,3.547820015552245
56,0,45.20600128173828,0.4475133292544358,0.2937680272703435,49.766597747802734,0.028591129928827286,-0.1305677685926412,19.207207789118797,0.7118859038834523,1.110969355833845,-17.91133559996598,-10.6120127640703,1.3742893802100056,0.2436365758297825,45.177398681640625,0.4522331963989162,0.29502083151239694,49.73379898071289,0.028373176231980324,-0.10518993738639892,19.18106714786711,0.6451181292785911,1.1291966736234258,-18.365169617468496,-9.464772791057896,0.4546177837158647,0.08556366404144455,41.79280090332031,0.4723654692188911,0.274451533956822,46.350399017333984,0.02832222916185856,-0.2000471972398259,18.469689962596647,0.7310028317864327,1.1145247315583902,-17.926536146287162,-8.966396159026772,1.6121047441336391,0.8547049561976792,3.9636199474334717,1.8582764863967896,38.23752511245042,-3.987947493831143,-24.38465564371802,1.415925017580138,3.9521753787994385,1.8500925302505493,38.265226927942095,-4.17036181133534,-23.9350266597865,2.266499727699419,1.7226483821868896,1.520745873451233,41.34075838333203,3.865783953072196,-27.044293219672454,2.0126417340648355
57,1,46.512001037597656,0.3837125054339951,0.3440950586871468,54.36759948730469,0.03366588056087494,0.1877585023163988,18.47570150624415,0.7977675454892481,0.9379028487343248,-21.503609997391493,-10.661027289660751,3.592608769420585,3.826083686501363,46.65760040283203,0.3833067671351978,0.34731198377046807,54.180198669433594,0.03351740539073944,0.1615276739517526,18.52046821547242,0.7124108601635263,0.8332781524877646,-21.514715353454847,-11.384150593235006,3.688312553263353,2.8428390517063917,44.32460021972656,0.39046514997826404,0.33102448920446315,51.32460021972656,0.03432977944612503,0.40852906996281035,17.44754116640047,1.1896021328862807,1.2511558929187458,-20.947530190865336,-11.80751008434828,4.147087333784109,3.727550894906642,3.4483516216278076,1.769586205482483,39.34229079007898,-2.528564191760154,-19.872011852434923,4.742758017163589,3.475429058074951,1.7781447172164917,39.28586386875005,-1.9363249922433283,-20.14951979721218,4.395563981522286,1.9086624383926392,1.5321495532989502,41.2145059356239,3.365416731572111,-29.11433911376048,2.1296613251835157
58,0,46.18020248413086,0.35442452284557546,0.37955465587044535,56.32059860229492,0.016202246770262718,-0.2313653624618155,18.762074948229724,0.5076165504603767,0.7374501356872543,-21.060566833335713,-12.005503408707057,1.415592907548767,4.035317561481293,46.20600128173828,0.3532388663967611,0.38042220936957777,56.31659698486328,0.016423353925347328,-0.15676259463032238,18.732736863660648,0.3825789775689554,0.5850078799202265,-21.70209080347871,-11.920552583570782,0.5681871650326391,2.962170285962486,45.3755989074707,0.352486986697513,0.37105263157894736,54.948097229003906,0.015942422673106194,0.40207204230620164,17.628681400466576,0.1812552829676474,0.615033294859245,-20.967789297825107,-13.200642013255731,1.3932792264137874,3.000734937618404,3.320071220397949,1.7529453039169312,39.69738153208986,-2.002615210113788,-15.59686501241515,4.3073777214247055,3.3363001346588135,1.7519962787628174,39.67011160122497,-2.0285024354587904,-16.951332076284984,3.19951580388771,1.9207834005355835,1.5308834314346313,41.28988814071576,1.2186955505396782,-25.628649482305946,4.093707859132468
59,0,46.16019821166992,0.34463733787804385,0.3964585921026026,56.98360061645508,0.028805235400795937,0.2910166856646015,19.036081836705364,0.5898836996704112,0.9415059129046313,-22.139213413963887,-9.828305677359594,2.429746572646083,1.521689744683954,46.3755989074707,0.3488257893064502,0.3979606574424449,57.16019821166992,0.028742153197526932,0.3216364447537785,19.045010229871536,0.571297029686231,0.7966893079661759,-22.367023342950745,-9.84927733539314,2.1753888010565103,0.4775570894481689,45.94120407104492,0.34264421271556084,0.3955920159450013,56.42719650268555,0.029199086129665375,1.1357066605107775,17.766291490535536,0.7464290253714423,0.7400916458611846,-21.058696575862257,-11.714318525578449,1.4891009513197162,0.07064817107738008,3.3231914043426514,1.7631241083145142,39.63585372184873,-1.7803393029860786,-21.340051171511448,5.7474858709634695,3.2764217853546143,1.7509640455245972,39.696393398669876,-1.8306848158087519,-20.335621916641173,3.3900663023283375,1.9369479417800903,1.5399631261825562,41.19291997582522,1.6649072954159578,-26.217345555585098,0.7386934330016932
60,0,46.219200134277344,0.3469536346691519,0.39395969245107176,56.32460021972656,0.036483462899923325,0.3860503020989654,18.270420414842647,0.7715366492794954,0.42734843169205305,-23.22159658231311,-10.699528777521152,1.389454214208162,0.003736587721050455,46.08399963378906,0.3422355545200373,0.395415890027959,56.48590087890625,0.036526769399642944,0.4094118217046798,18.354073099685934,0.6964902258237292,0.39062366243319957,-23.486128036386845,-10.660730733397656,1.3823356799286428,0.4541721539640662,45.89939880371094,0.3367602516309413,0.3960857409133271,55.692996978759766,0.036292240023612976,1.1723569030286853,17.084562943043807,0.6827130090614981,0.696984375686668,-21.533305056114955,-13.41996147238649,1.770443749889782,0.3837012022155477,3.2053885459899902,1.7559088468551636,39.738979507867974,-2.261947819725151,-21.080579836217964,0.5470577092360481,3.2214372158050537,1.7556517124176025,39.72053996126212,-2.3101683723698443,-21.889568561404815,1.6262394214212903,1.861609935760498,1.5356789827346802,41.29511604864392,3.3082691151865333,-27.30186825580074,1.9689661139701435
61,0,45.801998138427734,0.35165353866123844,0.3750774404814585,54.73040008544922,0.022180866450071335,0.15033508033923226,17.81856399016425,0.509642908606,0.33074883819409706,-22.076639107534618,-10.233054841756768,1.2363355336633577,2.227340643127718,45.755001068115234,0.35059149777266424,0.3736908870991533,54.670799255371094,0.022247837856411934,0.18689690479880028,17.842479103220512,0.5578900478276094,0.31029029385678086,-22.68442843228712,-9.964095679007812,1.0620841088249064,1.920804297535824,44.77960205078125,0.35829129421482725,0.37177331327256097,53.32460021972656,0.02326214872300625,0.41776884997551633,17.138558860177284,0.7565174742711879,0.7912382955710768,-22.449675450472625,-11.45342821574991,2.169559344455207,0.4417619141049727,2.7752747535705566,1.6846967935562134,40.252064063825046,-1.3251756465908784,-24.66719343663675,3.7069312406716852,2.7797656059265137,1.674906611442566,40.274900536490904,-2.1950242017366577,-24.483215484044592,2.596201559846537,1.9590098857879639,1.5421167612075806,41.22786571772983,0.4369621101975554,-22.661863508144734,5.456560086278631
62,0,44.38479995727539,0.3329008668986259,0.4026065931473728,56.822998046875,0.03080631233751774,0.28425600502475845,20.19871614651646,2.383916756402518,0.36963614644525933,-20.700503765709925,-10.147972368143542,1.378763034874053,0.23117786704619903,44.64560317993164,0.3329008668986259,0.40419885592970456,56.48590087890625,0.03043847344815731,0.2931103584344328,20.178431197302586,2.338365558158013,0.32872837054151205,-20.91125137202181,-10.565792359745501,1.8724838537786872,0.9714774561655872,43.670799255371094,0.3355251518546913,0.39830158636551277,55.70859909057617,0.02954128570854664,0.6157603016071675,19.866437513445646,2.735054398339533,0.9525795046848202,-20.423710641592663,-10.779337970911229,2.1351653483996724,2.942335203237633,2.8842504024505615,1.6871293783187866,40.03502872367437,-3.8780251893880404,-8.891522610123161,15.98088955016809,2.8921849727630615,1.6853606700897217,40.00541644133448,-3.0725403684245975,-10.037712493480512,14.472131538691682,1.963891625404358,1.53096342086792,41.27786512802723,0.7699486427133593,-25.167737849718492,2.5279015500202164
63,0,43.648399353027344,0.313520252834237,0.43370349966656035,59.472999572753906,0.03947366774082184,2.2377115300843684,18.423602763913266,2.639510562487461,1.8195346003740838,-19.4994334697696,-7.379258492476822,3.0180037079333766,0.17506504588436655,43.57219696044922,0.3155208907187799,0.43216677781321583,59.65760040283203,0.03932337835431099,2.227373976279466,18.439460291599914,2.6010373996156475,1.828050164209401,-19.457625313480207,-7.406264193645711,3.477879663020141,0.31955100172370976,43.22319793701172,0.3216677781321581,0.42575893763228856,57.72199630737305,0.03856578469276428,2.2879305082478822,18.256206039078563,2.321421676692806,1.4741787550090635,-18.896892333620485,-7.448774231110065,3.6638543871771625,0.49914650090778423,2.959007740020752,1.7006199359893799,40.23947381245762,-0.46370767595658435,-11.863594863036553,4.526674006272425,2.9533936977386475,1.7041071653366089,40.21559660089789,-0.0017327491520973126,-11.314347829623898,3.325606293004627,1.9425543546676636,1.5324385166168213,41.309060142087155,1.1417679816441364,-25.157731903455556,0.3719539484446117
64,0,43.85300064086914,0.25821487507599666,0.503517558843114,68.06780242919922,0.03509669005870819,5.926425762839699,19.45789588225216,3.830975717173752,1.7352587076957207,-14.958396280817112,-10.784220650490965,5.675807083486703,3.3399668930121607,44.32579803466797,0.25714368431718826,0.5012304218175502,68.12799835205078,0.03527754172682762,5.961736849134297,19.568193880252807,3.9012184737989006,1.8000992550097976,-14.726413179504448,-11.04577772566438,5.969122800414351,3.277586075434158,43.28219985961914,0.2630207579398396,0.4904027098231088,65.1801986694336,0.03441109508275986,5.818440289975285,19.221341605657358,3.6600527292305842,1.8583395750866885,-14.696024246373156,-8.972741813173911,4.468754846445994,2.674049779275151,3.1548824310302734,1.7446694374084473,40.07862883402882,0.7365231784029902,-6.593376422120116,5.4051601751226945,3.180447578430176,1.7504301071166992,40.04878481864112,-0.2477948821449445,-6.792695827925684,4.528342235051858,1.885252833366394,1.540610909461975,41.27880770380702,3.7443537777984943,-27.350996939237405,3.4035076529262525
65,0,43.998600006103516,0.2641039021279063,0.502290253377399,67.34980010986328,0.026198547333478928,7.305718863910954,18.554295447778884,1.6489218307254752,2.3094211316840756,-14.581434259138462,-8.799945707180825,2.0197641982262473,4.164075167273836,43.81520080566406,0.2629442801646663,0.501275584159564,67.34980010986328,0.026278730481863022,7.304572519328872,18.673981202281084,1.6133269819203646,2.3915272026602565,-14.166829555880497,-8.85176873863486,2.2642458495036286,4.171628510351809,43.22319793701172,0.26891633327535225,0.49101292978489014,64.17279815673828,0.026804668828845024,7.306198504821907,18.07419923327643,1.8786591304319544,2.0427515668807814,-13.857457266409824,-7.791291997125313,1.4487988983037257,3.3623011072839972,3.28947377204895,1.7379474639892578,40.04734088934217,1.838996433783393,-9.93281869265337,3.5167203410355734,3.2842555046081543,1.7474675178527832,39.985576047567946,1.4038422281680596,-9.213126413746352,2.9302541468171786,1.9126241207122803,1.536912441253662,41.220400065019845,2.1966906769451953,-28.208487005741688,1.7693361150149987
66,0,46.074798583984375,0.32176200248576464,0.40994883949475386,58.63180160522461,0.03601110354065895,7.104411214329275,15.680573878713403,2.8807638615985636,1.580600750652934,-8.27715427711803,-16.411976286297715,9.883671161522633,5.927317960341782,46.290199279785156,0.32418995866693645,0.41148076422811225,58.58720016479492,0.0359654538333416,7.0635420223057395,15.736028991221815,2.9478227380497737,1.5838661672177068,-7.955317385063779,-17.37591723676013,10.547226700241895,5.651928547192767,45.231201171875,0.3295950515940689,0.39142122149319303,56.628997802734375,0.03643153980374336,7.269336890891566,15.019485751410514,3.054935880648716,1.524619828776963,-6.187735767388631,-16.028856006240858,11.255313797350285,6.831154519057861,3.3816487789154053,1.7491053342819214,39.85543460449516,5.755448071856506,-11.791169865491327,4.334981258893028,3.4156150817871094,1.758876085281372,39.818425900429595,5.181455019974919,-12.231961290668778,4.835671868411468,1.9069608449935913,1.5269280672073364,41.3213590395645,2.9846653446579126,-26.988159438365585,1.4526195126925163
67,0,39.648399353027344,0.603505118861704,0.13135519694603506,39.71660232543945,0.06283820420503616,5.104133474595471,11.628131635978036,4.519225505192303,1.7989700901521246,-3.921527882618932,-15.620294968751125,4.426990015463047,1.9486535875213349,39.65760040283203,0.6075539360286888,0.13251200185088785,39.77739715576172,0.0631982758641243,5.089163179096261,11.670281432271793,4.519787055782746,1.7333483461863466,-4.030025714948351,-15.568803560439676,4.3212931553670355,2.2862205007012903,36.3057975769043,0.6254844120539071,0.10471976401179942,36.426597595214844,0.06131061166524887,5.2525748160161925,10.724622905178421,4.744805173513497,1.9799004609450321,-3.866489557313912,-14.653946376317435,2.6978807346216045,5.348475288946474,2.8838512897491455,1.692660927772522,40.30011389150803,3.849417382826232,-21.2928102640023,9.690929947643877,2.868309736251831,1.6939146518707275,40.29914175048105,4.488218452684237,-21.79560972215745,9.588740702477292,1.7573788166046143,1.5191140174865723,41.36876888333906,2.7252061389523874,-26.453745754080046,0.5940682329303478
68,0,35.28219985961914,0.6629503069616588,0.07445268157071702,35.074798583984375,0.03183172270655632,7.120055535263134,0.028254799212675152,11.77374555452988,4.016199800401466,-2.3127156716151376,-14.186849173960809,2.1547722795870934,2.746814183495303,35.30580139160156,0.6648036603729873,0.07480018533534114,35.074798583984375,0.03170083463191986,7.045568470231615,0.008322917963653254,11.824922750387273,3.930784134344833,-2.354907345250126,-13.884224486056382,2.375674264361702,2.2501733004172024,33.572200775146484,0.6672651453724082,0.07294683192401251,33.219200134277344,0.029688194394111633,7.0504581117319844,-0.4596638609776278,11.327870709565289,3.8146453705911654,-2.649529432688155,-14.300372340314937,1.2672831348456566,1.1042860854489618,2.456547737121582,1.667088270187378,40.54621356490205,1.7356723680392747,-26.722917979504473,5.8270050445741814,2.4582419395446777,1.6671189069747925,40.55142022713372,0.4627822132648589,-27.221707002834876,6.756231835646684,1.6089324951171875,1.5251160860061646,41.31137128713704,1.185761921589176,-26.623936309091107,1.5488232059818847
69,1,40.85419845581055,0.4846536525761499,0.1699007942280278,41.99860382080078,0.03553616255521774,6.787853674749499,8.74229898085673,8.720374078889812,2.3481239211812976,-2.034882473918742,-15.180484727187036,1.0317474973933274,1.3309790133073989,41.023799896240234,0.48421726354987926,0.17176272074011578,41.95280075073242,0.03552635386586189,6.778164236442706,8.847201287267126,8.842922359242394,2.2238095249242633,-1.7955003271792407,-15.56573698594417,1.7721231613930892,1.1157113516273398,39.1349983215332,0.485439152823437,0.1693189421930003,40.750999450683594,0.03662879392504692,7.327386462811489,8.6131530551001,9.077042255288767,1.520954944636287,-0.8363879523149649,-15.588070283692161,2.2238812965686408,0.5961813557474329,2.5965211391448975,1.6478605270385742,40.485170336985476,9.636907897126207,-23.81827856752443,8.41822148673539,2.625229597091675,1.6484789848327637,40.48227536951079,9.38789399755683,-24.375001361014142,9.36810297623171,1.8186286687850952,1.5182334184646606,41.40915993203495,1.6030906857232026,-27.656036009634363,1.1132803282350374
70,0,40.52640151977539,0.3745854424855996,0.31267818700180366,46.51139831542969,0.03063914366066456,6.550530160725941,15.228565982731482,6.490607218890831,0.09487834649007709,-6.36645475678813,-13.495998529798214,4.647581326982431,4.609405480565783,40.60660171508789,0.37385814860068656,0.31305637982195844,46.495399475097656,0.030768292024731636,6.547648526614466,15.262502154683261,6.419440996842937,0.03688852396066977,-6.059541996348003,-14.066930658136755,4.519786694599986,4.823448687239647,39.22319793701172,0.370192587420725,0.30973991970675513,44.526397705078125,0.03181909769773483,7.194707207540603,15.213531983815471,6.601712337523434,0.4096076063503915,-3.775245874566963,-12.953424228712379,3.946928644174336,4.751999402625188,2.8118598461151123,1.691017508506775,40.10178331874255,5.745401500426851,-23.495632141855424,3.904858864485244,2.819999933242798,1.698039174079895,40.096639066529455,6.171893839154848,-24.107767675651246,3.2270839563659033,1.9008127450942993,1.550070881843567,41.25034381072871,3.892669743122326,-22.737354220199848,5.425458764546588
71,0,40.95280075073242,0.3579233376183242,0.3341708542713568,47.51320266723633,0.020379358902573586,7.0451864326249165,15.503088047687527,0.565727135178015,0.7319797859225332,-7.100006353171693,-13.747343516355215,0.7754174661588512,3.5980206864858246,40.85419845581055,0.35567371742433096,0.33595302091854623,47.57219696044922,0.02074935846030712,7.048463571658715,15.541125094738106,0.5731024795509774,0.7313307548724879,-7.044682339814187,-14.738564614903964,1.1923060295945207,3.278901325702577,39.36759948730469,0.3413871684001402,0.34027696622648124,47.1349983215332,0.02147994376718998,7.655114691221286,15.482714777702597,0.5333239424159179,0.5930867389515697,-5.79724273280118,-12.333598782038734,2.114865215339557,0.9168610640177803,2.8364076614379883,1.717117428779602,39.959320032957756,4.458657536665044,-27.065118061468468,3.7943299485671016,2.850728988647461,1.7229794263839722,39.93771728187984,3.7439959650523633,-26.111164193095703,3.147742952208764,1.833594799041748,1.5718958377838135,41.083861543393716,3.702857344873223,-23.941693956426263,1.219205867268932
72,0,40.96739959716797,0.3412455110799685,0.3403404280167002,47.99859619140625,0.01650422438979149,7.072685825635347,14.927925400665004,0.5758196654733996,0.4671568788885452,-6.991994235747484,-15.45493595804328,1.7110051327861835,0.8415637138077727,40.93960189819336,0.34118711862427376,0.3413914922192053,48.04379653930664,0.016493460163474083,7.020267966783251,14.898282993051453,0.6434601462679778,0.5290106499197123,-6.963536566700725,-15.752266292170248,1.0169443086947572,1.0662861165796471,39.46099853515625,0.3233482234095355,0.35336194563662376,47.645599365234375,0.01606525294482708,7.553875376785072,14.851550514581902,0.6392321376684721,0.5616467981168967,-5.866724469481937,-13.42254386658027,1.091159524945526,1.9525151215534606,2.825474262237549,1.7189955711364746,40.05917212540798,3.6133005996050542,-26.107322215362615,1.2774980367315927,2.831130266189575,1.7230719327926636,40.030905790660086,3.895431647480052,-27.293280282201238,1.1917764950000076,1.7825123071670532,1.5494976043701172,41.25472664120343,2.6487124322160867,-23.94343931287534,1.0541463575566992
73,0,41.08399963378906,0.36239161533296355,0.31944647184188246,46.878196716308594,0.01972053386271,6.125104608257857,16.680389190651624,1.992244839054898,0.9750806103879199,-6.882093371668816,-14.31908013404177,1.1411602222489998,0.001888746654458373,41.07600021362305,0.3595889411146469,0.3184830525793361,46.79399871826172,0.019607504829764366,6.054652288580087,16.676754928975868,2.0237035516257054,0.9374200733277007,-6.708488046522689,-15.210632002854595,0.5986797566374514,0.17390274706457376,40.023799896240234,0.34875777304177735,0.3269202697573935,46.79399871826172,0.019974973052740097,6.460216908117729,16.712627311786207,2.1586328291722126,0.9924191542311291,-6.779694247858629,-14.064124862857511,1.1158584099307953,0.8434880416959345,2.735016345977783,1.7054762840270996,40.04946154393848,4.987848507229899,-26.607839469502494,1.4628395236824723,2.754121780395508,1.709062099456787,40.055992641192404,6.057873121031093,-28.05544964849838,2.292826916593442,1.8859226703643799,1.5691707134246826,41.056743917264754,2.42162642665852,-24.976107278620646,1.0573415632597802
74,0,40.649600982666016,0.389983939261206,0.2689151700978245,43.958396911621094,0.02307940647006035,5.950379702104556,15.84938107086208,0.8491780072437306,0.7728563112241886,-7.543454759357758,-14.314737897560065,0.6613756422363207,0.7712622517676095,40.81399917602539,0.3908599795590597,0.26812673382975616,44.219200134277344,0.02311435528099537,5.9855104120696865,15.859607400448397,0.8200674865314034,0.896473801692764,-7.197955487828949,-14.091381075938159,1.221597729820336,0.7445159614842964,39.794002532958984,0.3780697912103957,0.26955759964958387,43.63240051269531,0.02373308129608631,6.295551861507306,15.831367695371853,0.8965116223998368,0.9289934220569194,-7.0441115050830945,-13.879668830338517,0.32239806738061816,0.6485525211522258,2.6701154708862305,1.722435474395752,39.98398321840686,6.826354568213105,-27.687790451074477,2.1322285662823006,2.686337471008301,1.7239634990692139,39.96788338406099,7.114161186321041,-26.45051982203381,1.9213391748334223,1.9079159498214722,1.6024930477142334,40.88175735910716,2.0997594027603554,-21.946649897897714,3.0465079029422695
75,0,40.22039794921875,0.4210434275721364,0.23949285922471583,42.85300064086914,0.02001987397670746,5.8472714206253045,15.424035118800987,0.4376648222605539,0.07161662467404994,-7.6424049051893235,-15.304802340401466,0.9949968504165941,0.5624112418573759,40.1682014465332,0.4241037598367823,0.23923054503060331,42.79800033569336,0.02022641710937023,5.787335561412533,15.483053043742643,0.42551904186189937,0.12903297414675308,-7.689562515825344,-14.876660372647962,0.9264669685512215,0.002139586690134365,39.31660079956055,0.40725735937044594,0.2385893325561061,42.143001556396484,0.02012200839817524,6.161331731704308,15.28523164891493,0.5623874327222572,0.03044491680742567,-7.556580823087074,-15.08186598888733,1.3068675563798744,0.24805206077951425,2.5710911750793457,1.7058645486831665,40.11039045465726,5.292191636222299,-25.238249986549647,2.890312161210126,2.6185662746429443,1.716572642326355,40.05930417016576,6.432984748395654,-26.164058511213284,0.7389596891453105,1.900602102279663,1.592331051826477,40.96441420514235,3.547505887177465,-23.416854985885777,2.063364457357955
76,0,39.60660171508789,0.424048422768013,0.22750552904202073,41.93159866333008,0.028491485863924026,5.439579387645324,15.396248300389232,0.4086378604985071,0.30458375150072925,-8.053191166362183,-16.248038967897628,1.0288054664603559,0.3118361153412934,39.35360336303711,0.42626003957630076,0.2287859387731347,41.941200256347656,0.028375741094350815,5.420355921758585,15.37137100537484,0.38359735871683104,0.16880478899679474,-8.322182169536347,-15.927388011765004,1.2264730726216142,0.14101262571460893,37.402000427246094,0.4139215458037481,0.23125945757187755,41.177398681640625,0.028439249843358994,5.748246093807268,15.240070924408542,0.41554691103983304,0.278865508094043,-7.988003681716862,-15.989344361239375,1.0048097726609824,0.08104645937419264,2.5260889530181885,1.7138667106628418,40.155158989416925,7.045017816961376,-26.472477144135723,2.143762182800916,2.5822887420654297,1.7283704280853271,40.08916749679359,8.565589504852426,-28.992129045663773,3.542031337395129,1.89408278465271,1.6023597717285156,40.893856477515484,2.9539506415442816,-28.871973068894533,5.487314564446601
77,0,39.65760040283203,0.43684348357435915,0.22774754852038293,42.365997314453125,0.023905491456389427,5.643792787286486,13.020678552757147,2.3843310882630724,0.6119054326211426,-9.202998963235018,-15.695953193486616,1.2754829171951185,0.7390215356999761,39.670799255371094,0.4397823493467571,0.22646725056013037,42.223201751708984,0.02381552755832672,5.699447987259475,12.94605455085076,2.4413218316335934,0.6460717051548386,-9.250728708759254,-15.663456557851703,0.9653281762528362,0.2959268855119035,38.79399871826172,0.42121802892309484,0.2310937818255885,41.85420227050781,0.024364689365029335,5.944535878521151,12.928258948590894,2.320130231499283,0.609375422610924,-9.567060361239498,-15.526463515668581,1.6455025598100383,1.1476338208928496,2.6089601516723633,1.7389029264450073,39.90762021673574,7.105638478302637,-24.797031101524738,1.6765423663845376,2.5941860675811768,1.7348682880401611,39.94505018586977,6.04112337211302,-24.02399152226633,5.572730004830483,1.926797866821289,1.62991464138031,40.689714673898806,3.700637345994153,-25.22532185658406,3.7223119292783156
78,0,40.01580047607422,0.43961056047715114,0.22302137239423442,42.733802795410156,0.019300371408462524,5.763934161437533,13.207835255804468,0.22239959819758,0.08407202549011572,-10.019338987172318,-15.04356361479978,1.044999137349472,0.33346777293553487,40.17579650878906,0.43882115603894395,0.22465865567347892,42.733802795410156,0.019403889775276184,5.768309290059449,13.258662111865078,0.3201021184350861,0.21023076270091678,-9.788958316035064,-15.400869974242028,0.598867952089668,0.3903169319470976,39.231197357177734,0.41598690173376607,0.23711370347630326,42.631797790527344,0.01965794339776039,5.954373144516126,13.285187327977212,0.3570639155859902,0.18645251871890878,-10.30925158420257,-14.666586298994616,1.1358858389813589,0.8368654565595648,2.776186943054199,1.780436396598816,39.6020545831504,4.835776631901751,-20.0684424070771,5.2451714788941315,2.7659718990325928,1.7869852781295776,39.55628586770865,5.987429710219999,-19.90289326875444,4.12144802520015,1.933263897895813,1.6475341320037842,40.632532324464606,2.800428069273096,-22.204337925889263,3.152256438079052
79,0,40.67080307006836,0.445681718544498,0.21546105509279556,43.074798583984375,0.028052903711795807,5.581122095821172,13.804182370949889,0.6237388340300654,0.30295343976740696,-9.056347167963452,-14.530109656831598,1.091324063152826,1.779331843146167,40.645599365234375,0.44208680403331874,0.21356130352184716,42.952796936035156,0.028538987040519714,5.560217719965351,13.819938343381523,0.5986093129993287,0.27695287289407133,-9.660659147265733,-14.136006187609212,1.2713540322986383,0.6665287760451406,39.96080017089844,0.41449656583369865,0.23448779774952505,43.461002349853516,0.028539061546325684,5.626560278120905,14.079198646643022,0.8590199354751136,0.3376501323901948,-10.756612591862222,-13.569076760748999,1.1851831325640638,0.2948302153034206,2.8634965419769287,1.797176718711853,39.352717713772996,8.64637199303013,-19.844063219586417,3.81719570182511,2.905139684677124,1.8103233575820923,39.313972226251614,8.952684908702167,-20.344414915320442,2.9979459228798437,2.0150506496429443,1.668113350868225,40.45345856016666,3.437637458917152,-24.966048413067995,2.834268974752315
80,0,40.074798583984375,0.4326140366456502,0.2086552408015866,42.62900161743164,0.028207451105117798,5.421462911220715,13.832408343988504,0.1621350078831204,0.023152881015903404,-9.081377139353322,-16.028078428406502,1.4981778733119122,0.9880217905987365,40.31660079956055,0.4321700263446112,0.20859603942811472,42.594600677490234,0.028217919170856476,5.398418087668972,13.885112248706605,0.1744326774046831,0.046291937797718674,-8.9732474846424,-15.74545254087576,1.750100670805416,0.559112493854002,39.750999450683594,0.40757185566705145,0.22715567001154427,42.27839660644531,0.02865493670105934,5.234424256558725,14.040180773482916,0.3940723966894317,0.06432315516696008,-11.388889094979618,-15.83315059621151,2.3507028542162214,0.18491549545774433,2.9839396476745605,1.8577991724014282,38.9634626904233,10.16470525602358,-18.273982551054132,2.1841449592943976,2.9812333583831787,1.8627960681915283,38.968465584520736,10.225298254871007,-18.706654814768285,2.0740788017352814,2.0177879333496094,1.7144439220428467,40.153538708131016,4.57006855138917,-23.692412937386734,1.7042733067531153
